pct_num,pct_name,hodges13_votes,winton13_votes,samuels13_votes,andrew13_votes,hodges13_pct,winton13_pct,samuels13_pct,andrew13_pct,mayor_13_total,hodges17_votes,frey17_votes,levy17_votes,dehn17_votes,hoch17_votes,hodges17_pct,frey17_pct,levy17_pct,dehn17_pct,hoch17_pct,mayor_17_total,murphy18_votes,swanson18_votes,walz18_votes,murphy18_pct,swanson18_pct,walz18_pct,gov_18_total,hilstrom18_votes,ellison18_votes,pelikan18_votes,rothman18_votes,foley18_votes,hilstrom18_pct,ellison18_pct,pelikan18_pct,rothman18_pct,foley18_pct,ag_18_total,omar18_votes,kelliher18_votes,ray18_votes,omar18_pct,kelliher18_pct,ray18_pct,ush_18_total,sanders20_votes,warren20_votes,biden20_votes,bloomberg20_votes,sanders20_pct,warren20_pct,biden20_pct,bloomberg20_pct,pres_20_total,omar20_votes,omar20_pct,ush_20_total,frey21_votes,knuth21_votes,nezhad21_votes,frey21_pct,knuth21_pct,nezhad21_pct,mayor_21_total,yes1_votes,yes1_pct,structure_21_total,yes2_votes,yes2_pct,police_21_total,yes3_votes,yes3_pct,rent_21_total
1360,MINNEAPOLIS W-1 P-01,134.0,46.0,52.0,159.0,26.02,8.93,10.1,30.87,514.0,64.0,95.0,69.0,56.0,77.0,15.72,23.34,16.95,13.76,18.92,407.0,175.0,41.0,90.0,56.45,13.23,29.03,353.0,32.0,186.0,52.0,9.0,24.0,10.56,61.39,17.16,2.97,7.92,344.0,193.0,64.0,29.0,62.66,20.78,9.42,347.0,202,86,79,25,49.63,21.13,19.41,6.14,428,281,70.25,426,175,105,130,33.98,20.39,25.24,515,206,40.55,508,241,45.9,525,273,53.22,513
1365,MINNEAPOLIS W-1 P-02,282.0,99.0,76.0,235.0,31.69,11.12,8.54,26.4,890.0,186.0,316.0,193.0,191.0,298.0,14.31,24.31,14.85,14.69,22.92,1300.0,537.0,131.0,356.0,51.93,12.67,34.43,1145.0,136.0,582.0,137.0,70.0,79.0,13.55,57.97,13.65,6.97,7.87,1109.0,591.0,277.0,95.0,57.83,27.1,9.3,1110.0,612,396,318,46,42.92,27.77,22.3,3.23,1474,933,67.41,1495,764,372,363,41.7,20.31,19.81,1832,807,44.88,1798,827,44.99,1838,916,50.16,1826
1370,MINNEAPOLIS W-1 P-03,288.0,155.0,83.0,249.0,31.3,16.85,9.02,27.07,918.0,211.0,339.0,209.0,221.0,236.0,16.54,26.57,16.38,17.32,18.5,1276.0,516.0,110.0,401.0,49.76,10.61,38.67,1116.0,137.0,604.0,134.0,72.0,71.0,13.46,59.33,13.16,7.07,6.97,1092.0,634.0,255.0,99.0,61.85,24.88,9.66,1092.0,494,446,310,56,36.43,32.89,22.86,4.13,1380,903,67.54,1402,682,350,382,40.52,20.8,22.7,1683,797,47.61,1674,780,46.24,1687,882,52.66,1675
1375,MINNEAPOLIS W-1 P-04,275.0,90.0,91.0,204.0,34.63,11.34,11.46,25.69,793.0,177.0,283.0,162.0,250.0,205.0,15.47,24.74,14.16,21.85,17.92,1144.0,491.0,89.0,324.0,53.54,9.71,35.33,990.0,96.0,546.0,141.0,63.0,55.0,10.65,60.6,15.65,6.99,6.1,969.0,572.0,209.0,85.0,63.2,23.09,9.39,969.0,545,384,242,34,43.53,30.67,19.33,2.72,1269,818,67.16,1262,581,323,391,39.05,21.71,26.28,1488,656,44.44,1476,729,48.73,1496,809,54.66,1480
1380,MINNEAPOLIS W-1 P-05,234.0,65.0,79.0,190.0,32.87,9.13,11.1,26.69,712.0,160.0,265.0,135.0,147.0,197.0,16.88,27.95,14.24,15.51,20.78,948.0,333.0,95.0,310.0,44.52,12.7,41.44,818.0,102.0,408.0,110.0,62.0,50.0,13.93,55.74,15.03,8.47,6.83,796.0,402.0,240.0,58.0,54.4,32.48,7.85,790.0,398,267,246,42,39.6,26.57,24.48,4.18,1039,625,61.52,1068,598,223,262,45.86,17.1,20.09,1304,633,49.22,1286,522,39.88,1309,645,49.65,1299
1385,MINNEAPOLIS W-1 P-06,226.0,66.0,89.0,172.0,30.09,8.79,11.85,22.9,745.0,182.0,258.0,147.0,203.0,199.0,17.25,24.45,13.93,19.24,18.86,1055.0,478.0,124.0,251.0,54.63,14.17,28.69,948.0,120.0,510.0,133.0,48.0,42.0,14.07,59.79,15.59,5.63,4.92,923.0,582.0,160.0,68.0,66.36,18.24,7.75,935.0,631,327,188,49,51.26,26.56,15.27,3.98,1265,824,75.6,1142,421,289,427,30.73,21.09,31.17,1370,476,35.55,1339,798,58.81,1357,853,63.37,1346
1390,MINNEAPOLIS W-1 P-07,106.0,23.0,29.0,61.0,35.57,7.72,9.73,20.47,296.0,87.0,102.0,113.0,197.0,50.0,14.52,17.03,18.86,32.89,8.35,599.0,361.0,69.0,170.0,59.38,11.35,27.96,644.0,58.0,346.0,119.0,35.0,34.0,9.8,58.45,20.1,5.91,5.74,625.0,441.0,86.0,54.0,72.53,14.14,8.88,635.0,725,179,113,14,68.46,16.9,10.67,1.32,1081,646,81.16,830,210,171,388,22.95,18.69,42.4,915,259,28.52,908,629,68.22,922,658,71.44,921
1395,MINNEAPOLIS W-1 P-08,154.0,34.0,61.0,78.0,37.2,8.21,14.73,18.84,414.0,74.0,123.0,136.0,141.0,107.0,12.19,20.26,22.41,23.23,17.63,607.0,322.0,72.0,183.0,54.95,12.29,31.23,617.0,64.0,354.0,101.0,31.0,26.0,11.11,61.46,17.53,5.38,4.51,602.0,366.0,118.0,65.0,63.21,20.38,11.23,604.0,404,190,140,34,51.14,24.05,17.72,4.3,807,497,75.88,678,290,162,258,35.19,19.66,31.31,824,299,37.14,805,459,56.39,814,505,62.5,808
1400,MINNEAPOLIS W-1 P-09,180.0,50.0,87.0,171.0,29.27,8.13,14.15,27.8,613.0,144.0,233.0,172.0,250.0,194.0,13.74,22.23,16.41,23.86,18.51,1048.0,469.0,108.0,288.0,53.23,12.26,32.69,953.0,103.0,522.0,135.0,39.0,57.0,12.03,60.98,15.77,4.56,6.66,920.0,595.0,159.0,69.0,68.0,18.17,7.89,935.0,748,300,160,30,58.85,23.6,12.59,2.36,1305,903,75.56,1274,484,320,393,32.55,21.52,26.43,1487,552,38.33,1440,797,54.51,1462,933,63.73,1464
1405,MINNEAPOLIS W-1 P-10,,,,,,,,,,65.0,127.0,59.0,59.0,80.0,15.63,30.53,14.18,14.18,19.23,416.0,173.0,58.0,123.0,48.6,16.29,34.55,393.0,61.0,178.0,61.0,15.0,31.0,17.63,51.45,17.63,4.34,8.96,378.0,192.0,93.0,47.0,54.86,26.57,13.43,378.0,226,113,101,14,48.29,24.15,21.58,2.99,476,292,66.67,472,258,93,116,43.73,15.76,19.66,590,265,45.45,583,249,41.92,594,298,50.59,589
1410,MINNEAPOLIS W-2 P-01,471.0,65.0,116.0,189.0,45.03,6.21,11.09,18.07,1045.0,142.0,104.0,131.0,168.0,77.0,21.42,15.69,19.76,25.34,11.61,663.0,323.0,87.0,185.0,53.57,14.43,30.68,638.0,56.0,383.0,89.0,32.0,27.0,9.54,65.25,15.16,5.45,4.6,620.0,333.0,92.0,138.0,55.59,15.36,23.04,622.0,362,239,109,31,46.89,30.96,14.12,4.02,790,562,73.08,810,260,226,307,28.23,24.54,33.33,921,339,37.21,911,543,58.77,924,617,67.43,915
1415,MINNEAPOLIS W-2 P-02,351.0,36.0,65.0,151.0,49.23,5.05,9.12,21.18,711.0,181.0,131.0,149.0,209.0,104.0,22.74,16.46,18.72,26.26,13.07,796.0,432.0,54.0,321.0,53.01,6.63,39.39,835.0,85.0,508.0,100.0,77.0,37.0,10.53,62.95,12.39,9.54,4.58,825.0,436.0,164.0,197.0,53.3,20.05,24.08,835.0,426,275,174,18,45.56,29.41,18.61,1.93,938,652,70.64,943,312,343,282,29.43,32.36,26.6,1060,464,43.98,1055,612,57.41,1066,681,64.25,1060
1420,MINNEAPOLIS W-2 P-03,131.0,33.0,33.0,71.0,38.64,9.73,9.73,20.94,335.0,81.0,90.0,103.0,197.0,67.0,13.99,15.54,17.79,34.02,11.57,579.0,367.0,81.0,193.0,56.46,12.46,29.69,680.0,77.0,348.0,119.0,54.0,35.0,12.16,54.98,18.8,8.53,5.53,659.0,463.0,113.0,47.0,70.47,17.2,7.15,683.0,765,166,112,21,69.67,15.12,10.2,1.91,1104,598,82.26,748,216,165,327,23.97,18.31,36.29,901,279,31.85,876,584,65.54,891,676,76.82,880
1425,MINNEAPOLIS W-2 P-04,29.0,16.0,13.0,16.0,24.17,13.33,10.83,13.33,120.0,24.0,41.0,55.0,125.0,16.0,8.03,13.71,18.39,41.81,5.35,299.0,54.0,7.0,15.0,68.35,8.86,18.99,89.0,16.0,37.0,14.0,3.0,3.0,21.92,50.68,19.18,4.11,4.11,82.0,64.0,6.0,8.0,80.0,7.5,10.0,88.0,521,81,124,20,67.57,10.51,16.08,2.59,808,61,85.92,73,35,65,130,11.44,21.24,42.48,306,51,16.67,306,243,77.64,313,271,87.14,311
1430,MINNEAPOLIS W-2 P-05,228.0,27.0,51.0,132.0,44.02,5.21,9.85,25.48,512.0,124.0,130.0,112.0,207.0,145.0,16.47,17.26,14.87,27.49,19.26,753.0,398.0,77.0,289.0,51.69,10.0,37.53,792.0,88.0,441.0,106.0,74.0,42.0,11.72,58.72,14.11,9.85,5.59,775.0,453.0,220.0,74.0,57.56,27.95,9.4,809.0,786,307,230,37,55.82,21.8,16.34,2.63,1419,699,70.75,1023,482,266,305,39.0,21.52,24.68,1236,580,48.37,1199,624,51.23,1218,785,64.98,1208
1435,MINNEAPOLIS W-2 P-06,198.0,44.0,30.0,115.0,43.81,9.73,6.64,25.44,452.0,125.0,107.0,78.0,119.0,110.0,22.2,19.01,13.85,21.14,19.54,563.0,304.0,53.0,237.0,50.75,8.85,39.57,626.0,58.0,366.0,74.0,52.0,38.0,9.86,62.24,12.59,8.84,6.46,611.0,361.0,185.0,40.0,59.97,30.73,6.64,623.0,347,197,164,32,44.54,25.29,21.05,4.11,787,450,64.84,713,315,159,193,42.4,21.4,25.98,743,377,51.08,738,370,49.66,745,419,56.78,738
1440,MINNEAPOLIS W-2 P-07,37.0,7.0,18.0,47.0,25.69,4.86,12.5,32.64,141.0,37.0,38.0,46.0,101.0,29.0,13.75,14.13,17.1,37.55,10.78,269.0,69.0,25.0,60.0,44.23,16.03,38.46,157.0,13.0,92.0,19.0,20.0,11.0,8.39,59.35,12.26,12.9,7.1,156.0,75.0,59.0,13.0,48.08,37.82,8.33,157.0,324,66,65,10,67.5,13.75,13.54,2.08,496,97,63.4,158,93,46,87,32.18,15.92,30.1,289,117,41.64,281,169,58.88,287,201,70.03,287
1445,MINNEAPOLIS W-2 P-08,564.0,104.0,122.0,287.0,45.48,8.39,9.84,23.15,1237.0,301.0,301.0,251.0,268.0,275.0,20.86,20.86,17.39,18.57,19.06,1443.0,663.0,148.0,594.0,46.82,10.45,41.95,1486.0,139.0,896.0,140.0,136.0,77.0,10.01,64.55,10.09,9.8,5.55,1454.0,664.0,278.0,441.0,47.09,19.72,31.28,1466.0,518,620,425,65,30.69,36.73,25.18,3.85,1707,1157,67.66,1754,867,575,417,41.13,27.28,19.78,2108,1076,51.31,2097,1005,47.47,2117,1120,53.31,2101
1450,MINNEAPOLIS W-2 P-09,144.0,18.0,38.0,116.0,39.24,4.9,10.35,31.61,365.0,74.0,94.0,90.0,173.0,62.0,14.43,18.32,17.54,33.72,12.09,513.0,196.0,37.0,147.0,51.44,9.71,38.58,389.0,33.0,240.0,42.0,41.0,16.0,8.87,64.52,11.29,11.02,4.3,379.0,213.0,97.0,67.0,55.47,25.26,17.45,390.0,307,132,100,13,52.66,22.64,17.15,2.23,591,307,74.51,422,182,124,162,33.7,22.96,30.0,540,227,42.83,530,319,59.96,532,357,68.0,525
1455,MINNEAPOLIS W-2 P-10,44.0,34.0,14.0,44.0,21.89,16.92,6.97,21.89,201.0,79.0,65.0,62.0,134.0,18.0,20.31,16.71,15.94,34.45,4.63,389.0,79.0,21.0,39.0,56.43,15.0,27.86,147.0,29.0,54.0,31.0,8.0,13.0,21.48,40.0,22.96,5.93,9.63,142.0,108.0,14.0,17.0,76.06,9.86,11.97,147.0,835,190,228,41,63.02,14.34,17.21,3.09,1394,160,80.0,215,65,80,282,11.63,14.31,50.45,559,110,20.04,549,435,78.1,557,465,83.33,558
1456,MINNEAPOLIS W-2 P-11,,,,,,,,,,167.0,125.0,139.0,165.0,102.0,22.94,17.17,19.09,22.66,14.01,728.0,364.0,91.0,261.0,50.63,12.66,36.3,765.0,63.0,469.0,93.0,57.0,28.0,8.87,66.06,13.1,8.03,3.94,754.0,381.0,129.0,191.0,52.7,17.84,26.42,756.0,320,291,179,25,37.51,34.11,20.98,2.93,865,605,71.77,880,322,307,257,31.32,29.86,25.0,1028,423,41.72,1014,547,53.16,1029,611,59.44,1028
1460,MINNEAPOLIS W-3 P-01,46.0,25.0,9.0,35.0,27.71,15.06,5.42,21.08,166.0,73.0,111.0,65.0,287.0,32.0,11.89,18.08,10.59,46.74,5.21,614.0,321.0,35.0,121.0,66.19,7.22,24.95,507.0,72.0,209.0,124.0,16.0,40.0,15.62,45.34,26.9,3.47,8.68,484.0,402.0,35.0,31.0,82.72,7.2,6.38,503.0,616,130,207,39,60.69,12.81,20.39,3.84,1040,262,80.86,335,65,63,158,16.97,16.45,41.25,383,86,22.4,384,265,68.3,388,302,78.24,386
1465,MINNEAPOLIS W-3 P-02,164.0,26.0,36.0,102.0,39.42,6.25,8.65,24.52,414.0,117.0,242.0,146.0,302.0,124.0,11.72,24.25,14.63,30.26,12.42,998.0,530.0,93.0,303.0,56.68,9.95,32.41,976.0,148.0,473.0,185.0,60.0,47.0,16.21,51.81,20.26,6.57,5.15,950.0,681.0,169.0,57.0,72.83,18.07,6.1,963.0,834,329,253,39,55.2,21.77,16.74,2.58,1524,850,74.76,1170,342,241,406,29.43,20.74,34.94,1162,425,36.86,1153,728,62.44,1166,811,70.1,1157
1470,MINNEAPOLIS W-3 P-03,317.0,92.0,102.0,314.0,32.02,9.29,10.3,31.72,988.0,164.0,537.0,147.0,238.0,352.0,10.85,35.52,9.72,15.74,23.28,1512.0,513.0,180.0,626.0,38.51,13.51,47.0,1415.0,138.0,727.0,173.0,188.0,73.0,10.62,55.97,13.32,14.47,5.62,1372.0,672.0,491.0,120.0,50.45,36.86,9.01,1401.0,691,419,474,96,37.41,22.69,25.66,5.2,1877,1003,56.44,1826,1137,380,368,52.81,17.65,17.09,2153,1277,60.01,2128,837,38.91,2151,983,46.04,2135
1475,MINNEAPOLIS W-3 P-04,173.0,64.0,80.0,153.0,26.17,9.68,12.1,23.15,659.0,64.0,153.0,60.0,105.0,131.0,11.57,27.67,10.85,18.99,23.69,553.0,210.0,80.0,132.0,48.84,18.6,30.7,459.0,58.0,257.0,52.0,24.0,32.0,13.71,60.76,12.29,5.67,7.57,450.0,229.0,107.0,42.0,53.88,25.18,9.88,448.0,276,134,134,28,45.7,22.19,22.19,4.64,622,345,63.89,563,278,117,218,37.67,15.85,29.54,738,308,42.66,722,388,53.01,732,438,60.0,730
1480,MINNEAPOLIS W-3 P-05,208.0,71.0,87.0,157.0,30.23,10.32,12.65,22.82,688.0,100.0,235.0,132.0,143.0,166.0,12.25,28.8,16.18,17.52,20.34,816.0,291.0,93.0,233.0,46.34,14.81,37.1,678.0,72.0,350.0,93.0,47.0,41.0,11.94,58.04,15.42,7.79,6.8,652.0,375.0,144.0,67.0,60.68,23.3,10.84,657.0,446,248,185,32,46.31,25.75,19.21,3.32,987,613,67.51,960,461,256,272,39.4,21.88,23.25,1170,512,44.14,1160,577,49.06,1176,674,57.61,1170
1485,MINNEAPOLIS W-3 P-06,354.0,62.0,130.0,225.0,36.2,6.34,13.29,23.01,963.0,204.0,311.0,253.0,308.0,196.0,14.93,22.77,18.52,22.55,14.35,1366.0,626.0,125.0,340.0,56.7,11.32,30.8,1171.0,124.0,696.0,171.0,48.0,53.0,11.36,63.74,15.66,4.4,4.85,1152.0,751.0,179.0,100.0,67.78,16.16,9.03,1162.0,888,391,258,25,55.53,24.45,16.14,1.56,1626,1115,77.48,1501,535,366,554,30.14,20.62,31.21,1775,672,38.47,1747,1026,57.97,1770,1123,63.92,1757
1490,MINNEAPOLIS W-3 P-07,339.0,136.0,75.0,209.0,37.92,15.21,8.39,23.38,894.0,130.0,335.0,89.0,93.0,266.0,13.87,35.75,9.5,9.93,28.39,937.0,320.0,91.0,351.0,41.29,11.74,45.29,843.0,86.0,416.0,115.0,85.0,44.0,11.53,55.76,15.42,11.39,5.9,801.0,378.0,272.0,66.0,49.93,35.93,8.72,799.0,290,287,408,78,25.46,25.2,35.82,6.85,1159,526,51.27,1066,701,214,165,52.83,16.13,12.43,1327,795,60.27,1319,428,32.04,1336,546,41.21,1325
1495,MINNEAPOLIS W-3 P-08,198.0,101.0,68.0,207.0,25.85,13.19,8.88,27.02,766.0,93.0,282.0,35.0,63.0,204.0,13.29,40.29,5.0,9.0,29.14,700.0,210.0,95.0,276.0,35.71,16.16,46.94,671.0,60.0,292.0,116.0,68.0,40.0,10.42,50.69,20.14,11.81,6.94,654.0,222.0,231.0,78.0,38.34,39.9,13.47,646.0,199,206,294,70,23.95,24.79,35.38,8.42,863,374,48.57,817,613,158,131,56.92,14.67,12.16,1077,662,61.93,1069,338,31.18,1084,425,39.5,1076
1500,MINNEAPOLIS W-3 P-09,211.0,72.0,48.0,181.0,36.38,12.41,8.28,31.21,580.0,119.0,386.0,46.0,86.0,327.0,12.09,39.23,4.67,8.74,33.23,984.0,287.0,88.0,450.0,34.58,10.6,54.22,907.0,112.0,430.0,95.0,111.0,69.0,13.71,52.63,11.63,13.59,8.45,888.0,345.0,341.0,79.0,42.02,41.53,9.62,883.0,312,312,589,102,21.15,21.15,39.93,6.92,1496,685,42.18,1696,1331,278,204,62.05,12.96,9.51,2145,1515,71.26,2126,537,24.97,2151,719,33.71,2133
1501,MINNEAPOLIS W-3 P-10,,,,,,,,,,51.0,104.0,76.0,106.0,52.0,12.32,25.12,18.36,25.6,12.56,414.0,212.0,38.0,108.0,57.77,10.35,29.43,389.0,39.0,208.0,68.0,21.0,22.0,10.89,58.1,18.99,5.87,6.15,376.0,255.0,56.0,31.0,70.83,15.56,8.61,377.0,322,118,77,14,58.76,21.53,14.05,2.55,565,344,76.11,490,182,129,165,30.85,21.86,27.97,590,214,36.77,582,338,57.09,592,332,56.27,590
1502,MINNEAPOLIS W-3 P-11,,,,,,,,,,60.0,261.0,36.0,42.0,172.0,10.12,44.01,6.07,7.08,29.01,593.0,186.0,47.0,213.0,41.33,10.44,47.33,488.0,67.0,228.0,73.0,38.0,34.0,15.23,51.82,16.59,8.64,7.73,470.0,266.0,133.0,35.0,59.51,29.75,7.83,472.0,180,190,267,40,25.07,26.46,37.19,5.57,736,398,55.59,761,451,139,105,51.6,15.9,12.01,874,536,61.68,869,283,31.94,886,358,41.1,871
1503,MINNEAPOLIS W-3 P-12,,,,,,,,,,36.0,109.0,33.0,35.0,90.0,11.29,34.17,10.34,10.97,28.21,319.0,94.0,59.0,120.0,34.06,21.38,43.48,316.0,36.0,150.0,47.0,19.0,19.0,13.28,55.35,17.34,7.01,7.01,309.0,99.0,106.0,29.0,36.4,38.97,10.66,305.0,152,87,137,54,32.48,18.59,29.27,11.54,493,240,54.18,476,306,55,67,56.56,10.17,12.38,541,272,51.61,527,200,37.11,539,244,45.86,532
1504,MINNEAPOLIS W-3 P-13,,,,,,,,,,,,,,,,,,,,,,,,,,,,,,,,,,,,,,,,,,,,,,467,90,85,16,68.88,13.27,12.54,2.36,688,230,90.91,265,40,56,162,11.9,16.67,48.21,336,59,17.88,330,255,75.67,337,274,81.79,335
1505,MINNEAPOLIS W-4 P-01,69.0,44.0,60.0,99.0,17.78,11.34,15.46,25.52,384.0,79.0,99.0,111.0,60.0,111.0,14.93,18.71,20.98,11.34,20.98,529.0,132.0,111.0,136.0,33.17,27.89,34.17,449.0,45.0,254.0,43.0,16.0,35.0,11.45,64.63,10.94,4.07,8.91,442.0,158.0,96.0,37.0,39.7,24.12,9.3,435.0,211,67,169,33,42.2,13.4,33.8,6.6,525,297,59.76,542,384,54,108,54.86,7.71,15.43,700,329,47.27,696,196,27.68,708,322,46.33,695
1510,MINNEAPOLIS W-4 P-02,107.0,58.0,71.0,116.0,20.78,11.26,13.79,22.52,513.0,122.0,132.0,158.0,52.0,120.0,17.73,19.19,22.97,7.56,17.44,688.0,206.0,137.0,174.0,38.36,25.51,32.4,605.0,74.0,331.0,58.0,30.0,39.0,13.91,62.22,10.9,5.64,7.33,594.0,220.0,134.0,55.0,41.12,25.05,10.28,589.0,328,120,231,50,43.04,15.75,30.32,6.56,799,452,61.25,844,516,82,153,49.24,7.82,14.6,1048,486,47.93,1014,352,33.91,1038,496,48.58,1021
1515,MINNEAPOLIS W-4 P-03,24.0,25.0,45.0,44.0,11.01,11.47,20.64,20.18,218.0,66.0,69.0,80.0,44.0,49.0,18.59,19.44,22.54,12.39,13.8,355.0,123.0,80.0,57.0,45.56,29.63,21.11,287.0,30.0,195.0,22.0,7.0,21.0,10.91,70.91,8.0,2.55,7.64,291.0,100.0,47.0,37.0,36.63,17.22,13.55,286.0,169,46,78,14,52.0,14.15,24.0,4.31,335,202,64.95,346,206,44,89,44.02,9.4,19.02,468,214,46.12,464,200,42.19,474,264,56.65,466
1520,MINNEAPOLIS W-4 P-04,194.0,82.0,136.0,158.0,26.98,11.4,18.92,21.98,718.0,121.0,201.0,155.0,171.0,239.0,12.33,20.49,15.8,17.43,24.36,981.0,303.0,176.0,260.0,40.29,23.4,34.57,860.0,79.0,468.0,100.0,48.0,50.0,10.6,62.82,13.42,6.44,6.71,846.0,359.0,207.0,63.0,48.19,27.79,8.46,831.0,422,233,261,53,41.91,23.14,25.92,5.26,1053,590,63.51,1016,673,183,232,49.41,13.44,17.03,1362,666,49.12,1356,518,37.87,1368,661,48.75,1356
1525,MINNEAPOLIS W-4 P-05,114.0,56.0,128.0,98.0,20.11,9.88,22.57,17.28,564.0,104.0,114.0,196.0,93.0,152.0,14.21,15.57,26.78,12.7,20.77,732.0,240.0,127.0,185.0,42.18,22.32,32.51,629.0,58.0,383.0,70.0,26.0,31.0,10.21,67.43,12.32,4.58,5.46,620.0,248.0,118.0,59.0,42.83,20.38,10.19,625.0,370,140,216,33,47.13,17.83,27.52,4.2,809,497,66.53,817,463,93,220,45.48,9.14,21.61,1018,459,45.45,1010,426,41.56,1025,567,55.64,1019
1530,MINNEAPOLIS W-4 P-06,87.0,40.0,71.0,70.0,21.38,9.83,17.44,17.2,406.0,77.0,105.0,98.0,65.0,129.0,14.61,19.92,18.6,12.33,24.48,527.0,171.0,96.0,110.0,43.73,24.55,28.13,434.0,50.0,270.0,33.0,27.0,14.0,12.69,68.53,8.38,6.85,3.55,433.0,146.0,85.0,40.0,36.59,21.3,10.03,434.0,238,91,158,41,43.19,16.52,28.68,7.44,573,294,61.12,513,337,77,131,48.56,11.1,18.88,694,314,46.45,676,277,40.2,689,381,55.7,684
1535,MINNEAPOLIS W-4 P-07,158.0,76.0,120.0,141.0,25.77,12.4,19.58,23.0,613.0,81.0,162.0,150.0,115.0,193.0,10.8,21.6,20.0,15.33,25.73,750.0,232.0,114.0,216.0,40.42,19.86,37.63,644.0,81.0,308.0,86.0,43.0,43.0,14.44,54.9,15.33,7.66,7.66,627.0,276.0,168.0,56.0,48.51,29.53,9.84,629.0,287,206,209,40,36.61,26.28,26.66,5.1,819,430,57.56,819,539,147,181,47.95,13.08,16.1,1124,533,48.24,1105,393,34.72,1132,496,44.33,1119
1540,MINNEAPOLIS W-4 P-08,116.0,29.0,104.0,76.0,24.52,6.13,21.99,16.07,469.0,125.0,151.0,152.0,109.0,106.0,17.51,21.15,21.29,15.27,14.85,714.0,237.0,139.0,207.0,40.31,23.64,35.2,632.0,60.0,393.0,80.0,30.0,24.0,10.22,66.95,13.63,5.11,4.09,627.0,264.0,113.0,86.0,44.82,19.19,14.6,624.0,316,194,192,31,41.42,25.43,25.16,4.06,781,486,66.94,768,427,118,216,43.66,12.07,22.09,978,418,43.5,961,418,42.7,979,544,56.08,970
1555,MINNEAPOLIS W-5 P-01,102.0,15.0,125.0,63.0,18.99,2.79,23.28,11.73,533.0,111.0,87.0,220.0,107.0,70.0,16.95,13.28,33.59,16.34,10.69,655.0,254.0,114.0,129.0,49.03,22.01,24.9,550.0,28.0,430.0,52.0,7.0,12.0,5.29,81.29,9.83,1.32,2.27,557.0,191.0,81.0,51.0,35.97,15.25,9.6,557.0,239,91,205,32,40.3,15.35,34.57,5.4,610,439,67.75,678,514,96,148,55.63,10.39,16.02,924,464,52.25,888,338,36.86,917,519,57.67,900
1560,MINNEAPOLIS W-5 P-02,52.0,30.0,158.0,69.0,11.3,6.52,34.35,15.0,458.0,72.0,74.0,136.0,50.0,76.0,14.57,14.98,27.53,10.12,15.38,494.0,126.0,89.0,110.0,36.95,26.1,32.26,375.0,44.0,236.0,37.0,9.0,19.0,12.75,68.41,10.72,2.61,5.51,378.0,137.0,74.0,33.0,38.92,21.02,9.38,380.0,203,76,122,35,44.03,16.49,26.46,7.59,486,253,61.41,450,320,56,97,50.96,8.92,15.45,628,289,47.15,613,226,35.87,630,330,52.88,624
1565,MINNEAPOLIS W-5 P-03,38.0,12.0,118.0,39.0,11.45,3.61,35.54,11.75,326.0,70.0,49.0,143.0,62.0,49.0,16.71,11.69,34.13,14.8,11.69,419.0,127.0,64.0,78.0,45.04,22.7,27.66,293.0,24.0,218.0,19.0,13.0,7.0,8.54,77.58,6.76,4.63,2.49,293.0,94.0,30.0,38.0,32.64,10.42,13.19,299.0,182,46,102,28,48.66,12.3,27.27,7.49,386,263,66.75,406,275,49,108,50.74,9.04,19.93,542,238,44.82,531,210,38.75,542,320,60.04,533
1570,MINNEAPOLIS W-5 P-04,55.0,11.0,87.0,57.0,13.75,2.75,21.75,14.25,392.0,78.0,61.0,137.0,98.0,87.0,15.63,12.22,27.45,19.64,17.43,499.0,183.0,93.0,126.0,43.99,22.36,30.29,436.0,45.0,314.0,29.0,18.0,14.0,10.71,74.76,6.9,4.29,3.33,439.0,149.0,74.0,53.0,35.31,17.54,12.56,436.0,208,99,161,33,40.31,19.19,31.2,6.4,522,330,65.22,537,335,72,98,54.74,11.76,16.01,612,307,51.0,602,237,38.35,618,329,54.02,609
1575,MINNEAPOLIS W-5 P-05,68.0,14.0,163.0,81.0,13.99,2.88,33.54,16.67,485.0,94.0,80.0,163.0,52.0,88.0,18.04,15.36,31.29,9.98,16.89,521.0,136.0,94.0,117.0,38.53,26.63,33.14,368.0,40.0,248.0,34.0,21.0,12.0,11.27,69.86,9.58,5.92,3.38,369.0,152.0,60.0,40.0,42.94,16.95,11.3,366.0,180,98,133,26,39.47,21.49,29.17,5.7,463,345,66.09,541,316,77,97,53.02,12.92,16.28,596,312,53.33,585,231,38.5,600,331,55.82,593
1580,MINNEAPOLIS W-5 P-06C,126.0,21.0,64.0,97.0,27.27,4.55,13.85,21.0,456.0,53.0,32.0,24.0,30.0,46.0,26.5,16.0,12.0,15.0,23.0,200.0,75.0,52.0,46.0,41.44,28.73,25.41,204.0,20.0,127.0,24.0,7.0,8.0,10.75,68.28,12.9,3.76,4.3,207.0,65.0,40.0,19.0,34.76,21.39,10.16,205.0,95,33,89,27,36.26,12.6,33.97,10.31,265,142,65.74,225,136,19,57,48.4,6.76,20.28,281,134,50.19,267,108,39.56,273,166,61.71,269
1585,MINNEAPOLIS W-5 P-07,68.0,8.0,63.0,73.0,20.67,2.43,19.15,22.19,311.0,75.0,60.0,119.0,37.0,43.0,20.27,16.22,32.16,10.0,11.62,370.0,157.0,67.0,83.0,49.06,20.94,25.94,333.0,28.0,267.0,22.0,12.0,10.0,8.26,78.76,6.49,3.54,2.95,350.0,176.0,35.0,28.0,48.75,9.7,7.76,369.0,230,65,139,18,49.68,14.04,30.02,3.89,474,426,76.62,574,313,49,79,48.68,7.62,12.29,643,336,57.05,589,208,33.93,613,401,68.08,589
1590,MINNEAPOLIS W-5 P-08,55.0,19.0,113.0,51.0,14.1,4.87,28.97,13.08,387.0,68.0,93.0,136.0,43.0,55.0,14.66,20.04,29.31,9.27,11.85,464.0,132.0,66.0,95.0,42.17,21.09,30.35,341.0,33.0,227.0,34.0,10.0,27.0,9.97,68.58,10.27,3.02,8.16,358.0,112.0,56.0,38.0,33.84,16.92,11.48,354.0,239,44,100,16,57.87,10.65,24.21,3.87,433,257,61.93,442,309,51,86,51.67,8.53,14.38,598,271,47.13,575,247,42.15,586,345,59.28,582
1595,MINNEAPOLIS W-5 P-09,,,,,,,,,,79.0,75.0,119.0,122.0,55.0,15.86,15.06,23.9,24.5,11.04,498.0,210.0,68.0,101.0,53.71,17.39,25.83,404.0,21.0,281.0,64.0,6.0,15.0,5.43,72.61,16.54,1.55,3.88,400.0,216.0,60.0,44.0,53.87,14.96,10.97,414.0,305,112,91,18,54.95,20.18,16.4,3.24,569,428,75.48,575,256,120,181,36.78,17.24,26.01,696,307,45.82,670,350,51.32,682,455,66.52,684
1605,MINNEAPOLIS W-6 P-01,161.0,11.0,25.0,99.0,45.87,3.13,7.12,28.21,351.0,100.0,95.0,90.0,147.0,39.0,20.41,19.39,18.37,30.0,7.96,490.0,257.0,42.0,118.0,60.76,9.93,27.9,441.0,46.0,275.0,55.0,29.0,15.0,10.95,65.48,13.1,6.9,3.57,436.0,262.0,62.0,79.0,59.41,14.06,17.91,456.0,256,125,85,16,51.61,25.2,17.14,3.23,500,352,78.22,462,157,99,148,31.27,19.72,29.48,502,230,48.94,470,286,59.71,479,339,70.92,478
1610,MINNEAPOLIS W-6 P-02,272.0,24.0,53.0,312.0,33.46,2.95,6.52,38.38,786.0,373.0,333.0,140.0,225.0,45.0,32.07,28.63,12.04,19.35,3.87,1163.0,532.0,98.0,194.0,61.93,11.41,22.58,878.0,49.0,764.0,91.0,31.0,38.0,5.04,78.52,9.35,3.19,3.91,991.0,650.0,88.0,92.0,62.5,8.46,8.85,1057.0,604,173,152,14,61.2,17.53,15.4,1.42,1002,968,77.38,1271,441,141,214,39.73,12.7,19.28,1110,442,45.99,961,482,49.03,983,792,81.57,971
1615,MINNEAPOLIS W-6 P-03,68.0,9.0,19.0,974.0,5.68,0.75,1.59,81.3,1170.0,429.0,803.0,66.0,105.0,39.0,27.86,52.14,4.29,6.82,2.53,1540.0,441.0,78.0,136.0,65.43,11.57,20.18,691.0,29.0,824.0,48.0,23.0,16.0,3.09,87.66,5.11,2.45,1.7,960.0,709.0,56.0,23.0,60.81,4.8,1.97,1183.0,458,58,137,23,65.8,8.33,19.68,3.3,704,1165,80.46,1467,469,51,109,29.52,3.21,6.86,1589,979,74.17,1320,301,21.8,1381,1187,89.99,1319
1620,MINNEAPOLIS W-6 P-04,72.0,18.0,67.0,203.0,13.48,3.37,12.55,38.02,510.0,152.0,292.0,76.0,60.0,61.0,21.68,41.65,10.84,8.56,8.7,701.0,161.0,115.0,125.0,38.61,27.58,29.98,497.0,58.0,289.0,46.0,22.0,29.0,13.06,65.09,10.36,4.96,6.53,522.0,185.0,111.0,44.0,37.99,22.79,9.03,547.0,304,82,158,32,49.35,13.31,25.65,5.19,699,392,69.38,615,317,60,97,40.43,7.65,12.37,784,336,45.84,733,262,34.61,757,477,64.37,741
1625,MINNEAPOLIS W-6 P-05,82.0,2.0,13.0,240.0,18.72,0.46,2.97,54.79,423.0,157.0,249.0,44.0,60.0,24.0,27.94,44.31,7.83,10.68,4.27,562.0,186.0,127.0,149.0,39.08,26.68,31.3,487.0,26.0,496.0,35.0,8.0,8.0,4.54,86.56,6.11,1.4,1.4,584.0,255.0,72.0,42.0,41.2,11.63,6.79,626.0,194,29,73,9,61.59,9.21,23.17,2.86,323,473,82.12,596,240,14,75,41.81,2.44,13.07,574,291,63.82,456,161,33.54,480,375,81.34,461
1630,MINNEAPOLIS W-6 P-06,60.0,23.0,38.0,110.0,18.69,7.17,11.84,34.27,297.0,131.0,204.0,69.0,55.0,33.0,24.76,38.56,13.04,10.4,6.24,529.0,197.0,83.0,138.0,45.39,19.12,31.8,459.0,43.0,385.0,41.0,6.0,13.0,8.81,78.89,8.4,1.23,2.66,512.0,232.0,77.0,35.0,45.76,15.19,6.9,528.0,229,46,52,5,65.43,13.14,14.86,1.43,359,353,74.16,498,149,31,87,33.63,7.0,19.64,443,197,49.62,397,159,39.26,405,296,72.91,406
1635,MINNEAPOLIS W-6 P-07,41.0,10.0,29.0,134.0,14.24,3.47,10.07,46.53,284.0,116.0,131.0,29.0,26.0,30.0,31.69,35.79,7.92,7.1,8.2,366.0,130.0,75.0,116.0,38.69,22.32,34.52,348.0,28.0,317.0,26.0,8.0,11.0,7.18,81.28,6.67,2.05,2.82,401.0,130.0,90.0,59.0,32.5,22.5,14.75,407.0,107,29,82,26,38.35,10.39,29.39,9.32,293,247,71.59,357,144,18,45,41.5,5.19,12.97,347,189,62.38,303,115,37.1,310,221,71.75,308
1640,MINNEAPOLIS W-6 P-08,107.0,19.0,35.0,136.0,25.91,4.6,8.47,32.93,398.0,111.0,176.0,63.0,50.0,48.0,22.61,35.85,12.83,10.18,9.78,491.0,197.0,104.0,106.0,46.24,24.41,24.88,457.0,51.0,346.0,38.0,22.0,16.0,10.78,73.15,8.03,4.65,3.38,501.0,233.0,90.0,75.0,48.34,18.67,15.56,503.0,236,59,109,40,50.32,12.58,23.24,8.53,488,388,70.04,582,242,44,109,41.23,7.5,18.57,587,252,47.46,531,211,38.43,549,367,68.22,538
1642,MINNEAPOLIS W-6 P-09,139.0,26.0,39.0,144.0,31.66,5.92,8.88,32.8,433.0,132.0,196.0,144.0,128.0,97.0,17.77,26.38,19.38,17.23,13.06,743.0,365.0,110.0,200.0,52.59,15.85,28.82,725.0,86.0,422.0,129.0,31.0,31.0,12.3,60.37,18.45,4.43,4.43,728.0,467.0,107.0,74.0,64.15,14.7,10.16,752.0,504,205,101,16,59.22,24.09,11.87,1.88,866,649,78.1,854,234,112,247,30.47,14.58,32.16,768,291,39.32,740,456,60.32,756,574,76.84,747
1645,MINNEAPOLIS W-7 P-01C,161.0,31.0,45.0,187.0,31.94,6.15,8.93,37.1,504.0,91.0,133.0,63.0,216.0,136.0,13.96,20.4,9.66,33.13,20.86,652.0,248.0,67.0,262.0,42.32,11.43,44.71,599.0,68.0,327.0,84.0,54.0,42.0,11.83,56.87,14.61,9.39,7.3,587.0,220.0,293.0,42.0,38.06,50.69,7.27,587.0,192,173,221,27,30.09,27.12,34.64,4.23,643,383,55.91,697,392,263,99,47.0,31.53,11.87,834,522,63.35,824,331,39.74,833,345,41.87,824
1650,MINNEAPOLIS W-7 P-02D,326.0,137.0,53.0,221.0,39.71,16.69,6.46,26.92,821.0,115.0,286.0,44.0,60.0,381.0,12.81,31.85,4.9,6.68,42.43,898.0,210.0,85.0,478.0,26.99,10.93,61.44,832.0,98.0,361.0,60.0,146.0,80.0,13.15,48.46,8.05,19.6,10.74,789.0,216.0,498.0,51.0,27.69,63.85,6.54,824.0,146,192,373,116,16.63,21.87,42.48,13.21,897,273,26.2,1071,769,126,73,64.51,10.57,6.12,1192,1028,86.39,1190,200,16.79,1191,232,19.5,1190
1655,MINNEAPOLIS W-7 P-03,357.0,121.0,76.0,264.0,38.39,13.01,8.17,28.39,930.0,196.0,285.0,159.0,182.0,420.0,15.31,22.27,12.42,14.22,32.81,1280.0,512.0,142.0,483.0,44.33,12.29,41.82,1220.0,128.0,656.0,156.0,128.0,68.0,11.27,57.75,13.73,11.27,5.99,1193.0,586.0,437.0,84.0,51.0,38.03,7.31,1200.0,522,352,433,115,34.46,23.23,28.58,7.59,1535,783,51.31,1555,807,266,297,50.41,16.61,18.55,1601,1025,64.38,1592,639,39.62,1613,722,45.29,1594
1660,MINNEAPOLIS W-7 P-04D,319.0,152.0,58.0,207.0,37.75,17.99,6.86,24.5,845.0,150.0,319.0,80.0,85.0,382.0,14.38,30.58,7.67,8.15,36.63,1043.0,296.0,145.0,523.0,30.45,14.92,53.81,1078.0,116.0,479.0,103.0,163.0,97.0,12.11,50.0,10.75,17.01,10.13,1050.0,291.0,554.0,78.0,30.34,57.77,8.13,1035.0,296,238,539,112,23.05,18.54,41.98,8.72,1316,466,35.3,1377,963,179,124,62.25,11.57,8.02,1547,1121,73.22,1531,369,23.71,1556,485,31.58,1536
1665,MINNEAPOLIS W-7 P-05,206.0,41.0,49.0,138.0,38.58,7.68,9.18,25.84,533.0,125.0,238.0,148.0,144.0,240.0,13.38,25.48,15.85,15.42,25.7,934.0,395.0,135.0,294.0,47.31,16.17,35.21,874.0,128.0,450.0,127.0,65.0,55.0,15.52,54.55,15.39,7.88,6.67,857.0,461.0,257.0,65.0,55.61,31.0,7.84,856.0,614,240,277,70,48.92,19.12,22.07,5.58,1280,654,61.47,1113,508,132,243,48.43,12.58,23.16,1049,573,55.1,1040,471,44.69,1054,577,55.59,1038
1670,MINNEAPOLIS W-7 P-06,105.0,53.0,49.0,94.0,27.78,14.02,12.96,24.87,377.0,131.0,249.0,81.0,106.0,170.0,16.75,31.84,10.36,13.55,21.74,782.0,280.0,112.0,248.0,43.14,17.26,38.21,718.0,102.0,335.0,91.0,53.0,50.0,16.16,53.09,14.42,8.4,7.92,694.0,350.0,165.0,67.0,54.35,25.62,10.4,696.0,523,255,309,53,42.59,20.77,25.16,4.32,1260,661,59.44,1174,585,161,241,44.93,12.37,18.51,1302,706,55.03,1283,509,38.85,1310,629,48.35,1301
1675,MINNEAPOLIS W-7 P-07,201.0,60.0,52.0,147.0,38.43,11.47,9.94,28.11,523.0,91.0,175.0,60.0,94.0,219.0,13.94,26.8,9.19,14.4,33.54,653.0,166.0,73.0,311.0,30.02,13.2,56.24,596.0,57.0,304.0,60.0,82.0,40.0,10.5,55.99,11.05,15.1,7.37,579.0,166.0,343.0,32.0,30.02,62.03,5.79,584.0,143,150,235,60,22.38,23.47,36.78,9.39,647,298,45.5,672,495,161,65,60.29,19.61,7.92,821,609,74.82,814,238,28.74,828,265,32.08,826
1680,MINNEAPOLIS W-7 P-08,298.0,87.0,114.0,301.0,31.14,9.09,11.91,31.45,954.0,210.0,460.0,152.0,143.0,475.0,13.73,30.09,9.94,9.35,31.07,1529.0,524.0,210.0,611.0,38.44,15.41,44.83,1467.0,153.0,731.0,189.0,159.0,108.0,11.42,54.55,14.1,11.87,8.06,1438.0,581.0,578.0,121.0,42.91,42.69,8.94,1445.0,661,387,521,144,35.33,20.68,27.85,7.7,1897,998,54.51,1914,1040,295,344,53.53,15.18,17.7,1943,1177,61.08,1927,754,38.75,1946,910,47.27,1925
1685,MINNEAPOLIS W-7 P-09,377.0,98.0,74.0,240.0,42.22,10.97,8.29,26.88,890.0,237.0,244.0,115.0,212.0,308.0,20.72,21.33,10.05,18.53,26.92,1144.0,463.0,121.0,492.0,42.63,11.14,45.3,1139.0,132.0,573.0,153.0,141.0,60.0,12.46,54.11,14.45,13.31,5.67,1107.0,535.0,428.0,93.0,49.35,39.48,8.58,1128.0,547,376,423,95,35.94,24.7,27.79,6.24,1535,793,54.54,1485,742,305,307,47.78,19.64,19.77,1553,928,60.06,1545,642,41.15,1560,715,46.37,1542
1690,MINNEAPOLIS W-7 P-10,61.0,21.0,13.0,41.0,33.33,11.48,7.1,22.4,183.0,35.0,65.0,58.0,74.0,56.0,11.59,21.52,19.21,24.5,18.54,302.0,175.0,44.0,83.0,56.63,14.24,26.86,322.0,38.0,167.0,59.0,20.0,15.0,12.71,55.85,19.73,6.69,5.02,312.0,197.0,54.0,34.0,64.17,17.59,11.07,319.0,233,106,73,10,54.19,24.65,16.98,2.33,438,273,78.22,360,102,65,159,27.95,17.81,43.56,365,127,35.08,362,248,67.03,370,279,76.44,365
1700,MINNEAPOLIS W-8 P-01,200.0,11.0,25.0,37.0,51.02,2.81,6.38,9.44,358.0,180.0,45.0,60.0,64.0,45.0,40.91,10.23,13.64,14.55,10.23,440.0,228.0,58.0,89.0,58.16,14.8,22.7,410.0,46.0,292.0,44.0,11.0,25.0,11.0,69.86,10.53,2.63,5.98,433.0,267.0,51.0,27.0,55.39,10.58,5.6,494.0,282,79,159,27,48.04,13.46,27.09,4.6,605,439,81.15,554,137,41,111,21.78,6.52,17.65,629,394,64.91,607,225,36.35,619,500,81.83,611
1705,MINNEAPOLIS W-8 P-02,362.0,33.0,70.0,133.0,52.01,4.74,10.06,19.11,696.0,248.0,203.0,229.0,277.0,169.0,21.4,17.52,19.76,23.9,14.58,1159.0,644.0,103.0,383.0,56.69,9.07,33.71,1167.0,137.0,647.0,196.0,74.0,43.0,12.49,58.98,17.87,6.75,3.92,1128.0,732.0,229.0,122.0,64.38,20.14,10.73,1163.0,883,456,197,35,54.88,28.34,12.24,2.18,1624,1143,77.44,1509,458,321,617,29.17,20.45,39.3,1570,611,39.19,1559,1010,64.25,1572,1097,69.92,1569
1710,MINNEAPOLIS W-8 P-03,124.0,17.0,58.0,58.0,37.8,5.18,17.68,17.68,323.0,82.0,61.0,155.0,162.0,44.0,15.33,11.4,28.97,30.28,8.22,535.0,342.0,66.0,120.0,63.57,12.27,22.3,550.0,42.0,372.0,81.0,20.0,23.0,7.81,69.14,15.06,3.72,4.28,549.0,346.0,60.0,73.0,64.43,11.17,13.59,546.0,396,178,112,17,55.08,24.76,15.58,2.36,723,566,81.09,715,241,135,292,30.82,17.26,37.34,782,254,33.2,765,494,63.25,781,554,71.76,772
1715,MINNEAPOLIS W-8 P-04,181.0,30.0,72.0,112.0,38.03,6.3,15.13,23.53,474.0,143.0,125.0,173.0,125.0,105.0,20.0,17.48,24.2,17.48,14.69,715.0,365.0,75.0,209.0,55.14,11.33,31.57,690.0,59.0,455.0,95.0,30.0,12.0,9.06,69.89,14.59,4.61,1.84,679.0,374.0,96.0,100.0,56.84,14.59,15.2,680.0,347,225,185,31,42.01,27.24,22.4,3.75,835,591,72.96,832,363,165,286,38.7,17.59,30.49,938,403,43.57,925,507,54.22,935,566,60.79,931
1720,MINNEAPOLIS W-8 P-05,327.0,71.0,103.0,234.0,37.16,8.07,11.7,26.59,879.0,237.0,244.0,217.0,154.0,230.0,20.86,21.48,19.1,13.56,20.25,1136.0,453.0,175.0,419.0,42.78,16.52,39.57,1107.0,113.0,681.0,120.0,81.0,42.0,10.9,65.67,11.57,7.81,4.05,1082.0,578.0,252.0,135.0,55.15,24.05,12.88,1086.0,477,396,396,63,34.52,28.65,28.65,4.56,1403,883,63.8,1422,801,336,304,47.88,20.08,18.17,1673,950,57.19,1661,693,41.27,1679,821,49.22,1668
1725,MINNEAPOLIS W-8 P-06,509.0,49.0,95.0,169.0,53.92,5.19,10.06,17.9,943.0,338.0,218.0,226.0,287.0,158.0,26.51,17.1,17.73,22.51,12.39,1275.0,611.0,100.0,394.0,55.09,9.02,35.53,1161.0,116.0,668.0,169.0,103.0,32.0,10.66,61.4,15.53,9.47,2.94,1137.0,712.0,243.0,120.0,64.26,21.93,10.83,1148.0,628,480,283,35,42.52,32.5,19.16,2.37,1495,1068,74.79,1466,536,416,504,32.98,25.6,31.02,1625,706,43.91,1608,949,58.47,1623,1000,61.69,1621
1730,MINNEAPOLIS W-8 P-07,601.0,95.0,105.0,256.0,48.12,7.61,8.41,20.5,1249.0,358.0,362.0,203.0,328.0,321.0,21.86,22.1,12.39,20.02,19.6,1638.0,772.0,149.0,575.0,51.19,9.88,38.13,1573.0,137.0,941.0,199.0,128.0,68.0,9.3,63.88,13.51,8.69,4.62,1530.0,891.0,400.0,160.0,59.56,26.74,10.7,1549.0,604,631,477,55,33.04,34.52,26.09,3.01,1845,1261,65.95,1962,858,601,448,39.98,28.01,20.88,2146,1127,52.89,2131,988,45.89,2153,1107,51.61,2145
1735,MINNEAPOLIS W-8 P-08,519.0,73.0,100.0,194.0,48.82,6.87,9.41,18.25,1062.0,293.0,229.0,280.0,309.0,180.0,21.69,16.95,20.73,22.87,13.32,1351.0,639.0,166.0,409.0,51.82,13.46,33.17,1296.0,103.0,820.0,182.0,56.0,44.0,8.55,68.05,15.1,4.65,3.65,1263.0,683.0,166.0,321.0,55.8,13.56,26.23,1272.0,686,528,319,40,42.24,32.51,19.64,2.46,1641,1155,73.24,1638,604,450,559,32.49,24.21,30.07,1859,806,43.64,1847,1055,56.51,1867,1170,63.11,1854
1750,MINNEAPOLIS W-9 P-01,321.0,27.0,73.0,133.0,44.28,3.72,10.07,18.34,707.0,75.0,87.0,105.0,172.0,34.0,15.12,17.54,21.17,34.68,6.85,496.0,268.0,47.0,122.0,59.96,10.51,27.29,453.0,44.0,295.0,73.0,11.0,14.0,10.07,67.51,16.7,2.52,3.2,443.0,281.0,43.0,73.0,62.72,9.6,16.29,454.0,387,141,84,12,60.37,22.0,13.1,1.87,645,501,79.52,644,182,87,287,27.79,13.28,43.82,655,218,34.33,635,435,67.03,649,489,76.17,642
1755,MINNEAPOLIS W-9 P-02,568.0,38.0,98.0,175.0,50.76,3.4,8.76,15.64,1110.0,239.0,126.0,333.0,471.0,110.0,17.74,9.35,24.72,34.97,8.17,1347.0,849.0,90.0,284.0,68.58,7.27,22.94,1270.0,101.0,791.0,220.0,66.0,40.0,8.29,64.94,18.06,5.42,3.28,1248.0,835.0,151.0,223.0,67.12,12.14,17.93,1272.0,844,497,165,22,54.17,31.9,10.59,1.41,1567,1189,83.03,1464,349,362,753,21.18,21.97,45.69,1648,493,30.34,1625,1156,70.02,1651,1228,74.61,1646
1760,MINNEAPOLIS W-9 P-03,156.0,41.0,47.0,100.0,32.43,8.52,9.77,20.79,470.0,145.0,156.0,116.0,105.0,67.0,22.76,24.49,18.21,16.48,10.52,637.0,335.0,134.0,177.0,50.38,20.15,26.62,709.0,39.0,565.0,77.0,15.0,26.0,5.4,78.25,10.66,2.08,3.6,764.0,388.0,106.0,97.0,52.93,14.46,13.23,768.0,397,123,126,25,57.2,17.72,18.16,3.6,713,607,79.87,785,298,86,232,36.43,10.51,28.36,818,372,47.75,779,386,48.43,797,535,68.15,785
1765,MINNEAPOLIS W-9 P-04,130.0,9.0,24.0,57.0,37.68,2.61,6.96,16.52,332.0,93.0,86.0,77.0,132.0,41.0,20.04,18.53,16.59,28.45,8.84,464.0,294.0,108.0,116.0,53.85,19.78,21.25,567.0,41.0,433.0,84.0,17.0,20.0,6.89,72.77,14.12,2.86,3.36,614.0,279.0,67.0,146.0,45.44,10.91,23.78,631.0,303,55,60,14,69.18,12.56,13.7,3.2,447,432,83.56,533,159,91,121,31.05,17.77,23.63,512,242,49.79,486,235,47.19,498,352,71.69,491
1770,MINNEAPOLIS W-9 P-05,84.0,7.0,22.0,31.0,42.42,3.54,11.11,15.66,195.0,43.0,34.0,66.0,81.0,23.0,16.41,12.98,25.19,30.92,8.78,262.0,164.0,30.0,43.0,67.49,12.35,17.7,259.0,18.0,150.0,56.0,10.0,5.0,7.53,62.76,23.43,4.18,2.09,253.0,161.0,30.0,37.0,65.98,12.3,15.16,259.0,202,61,27,5,66.89,20.2,8.94,1.66,309,239,86.59,292,73,44,147,23.1,13.92,46.52,316,97,31.7,306,208,65.62,317,236,74.68,316
1775,MINNEAPOLIS W-9 P-06,368.0,32.0,77.0,149.0,46.06,4.0,9.64,18.65,795.0,220.0,184.0,225.0,278.0,139.0,19.71,16.49,20.16,24.91,12.46,1116.0,543.0,128.0,261.0,57.83,13.63,27.8,992.0,104.0,581.0,131.0,71.0,40.0,11.22,62.68,14.13,7.66,4.32,980.0,531.0,140.0,216.0,56.13,14.8,22.83,992.0,644,354,170,30,52.74,28.99,13.92,2.46,1247,965,77.89,1289,426,271,522,28.86,18.36,35.37,1476,561,38.8,1446,840,57.07,1472,983,67.28,1461
1780,MINNEAPOLIS W-9 P-07,267.0,29.0,59.0,77.0,49.08,5.33,10.85,14.15,543.0,130.0,75.0,159.0,179.0,88.0,19.88,11.47,24.31,27.37,13.46,654.0,374.0,57.0,200.0,58.71,8.95,31.4,649.0,76.0,379.0,112.0,35.0,23.0,12.16,60.64,17.92,5.6,3.68,637.0,379.0,112.0,119.0,59.22,17.5,18.59,650.0,362,247,89,21,48.79,33.29,11.99,2.83,749,538,76.53,720,239,185,317,29.0,22.45,38.47,824,294,35.81,821,516,62.39,827,548,66.5,824
1785,MINNEAPOLIS W-9 P-08,8.0,5.0,6.0,9.0,15.69,9.8,11.76,17.65,47.0,6.0,22.0,16.0,16.0,9.0,7.79,28.57,20.78,20.78,11.69,77.0,27.0,11.0,10.0,55.1,22.45,20.41,56.0,5.0,34.0,5.0,3.0,1.0,10.42,70.83,10.42,6.25,2.08,54.0,32.0,8.0,6.0,61.54,15.38,11.54,57.0,44,17,12,3,56.41,21.79,15.38,3.85,79,57,77.03,81,32,11,10,34.78,11.96,10.87,92,43,45.74,94,31,33.33,93,64,68.82,93
1790,MINNEAPOLIS W-9 P-09,,,,,,,,,,74.0,60.0,105.0,133.0,52.0,16.52,13.39,23.44,29.69,11.61,448.0,204.0,35.0,105.0,58.79,10.09,30.26,362.0,22.0,246.0,40.0,19.0,17.0,6.4,71.51,11.63,5.52,4.94,357.0,241.0,52.0,36.0,67.7,14.61,10.11,367.0,362,96,85,15,63.62,16.87,14.94,2.64,572,413,80.66,520,170,64,240,29.88,11.25,42.18,569,196,35.77,548,337,60.18,560,392,70.25,558
1805,MINNEAPOLIS W-10 P-01,284.0,39.0,97.0,129.0,43.49,5.97,14.85,19.75,652.0,160.0,138.0,162.0,235.0,197.0,17.47,15.07,17.69,25.66,21.51,916.0,509.0,105.0,287.0,56.06,11.56,31.61,937.0,112.0,461.0,230.0,49.0,37.0,12.6,51.86,25.87,5.51,4.16,917.0,642.0,155.0,83.0,71.1,17.16,9.19,924.0,785,327,171,30,57.93,24.13,12.62,2.21,1370,850,75.83,1143,298,256,537,24.25,20.83,43.69,1229,398,32.41,1228,850,68.83,1235,877,71.42,1228
1810,MINNEAPOLIS W-10 P-02,269.0,43.0,49.0,121.0,47.03,7.52,8.57,21.15,570.0,168.0,232.0,161.0,222.0,176.0,16.9,23.34,16.2,22.33,17.71,994.0,566.0,84.0,332.0,56.54,8.39,33.17,1043.0,109.0,537.0,202.0,76.0,47.0,11.23,55.3,20.8,7.83,4.84,1010.0,657.0,199.0,105.0,65.96,19.98,10.54,1028.0,466,203,146,26,53.87,23.47,16.88,3.01,879,489,73.53,686,213,172,328,25.82,20.85,39.76,825,280,33.98,824,534,64.42,829,570,68.84,828
1815,MINNEAPOLIS W-10 P-03A,295.0,65.0,83.0,189.0,40.63,8.95,11.43,26.03,725.0,157.0,229.0,90.0,99.0,211.0,19.08,27.82,10.94,12.03,25.64,823.0,324.0,80.0,338.0,43.09,10.64,44.95,790.0,95.0,423.0,103.0,80.0,37.0,12.87,57.32,13.96,10.84,5.01,774.0,365.0,295.0,62.0,49.26,39.81,8.37,773.0,373,292,311,56,34.7,27.16,28.93,5.21,1093,556,54.56,1046,643,258,212,49.39,19.82,16.28,1302,808,62.73,1288,492,37.73,1304,558,42.89,1301
1817,MINNEAPOLIS W-10 P-03B,0.0,0.0,0.0,0.0,0.0,0.0,0.0,0.0,0.0,0.0,0.0,0.0,0.0,0.0,0.0,0.0,0.0,0.0,0.0,0.0,0.0,0.0,0.0,0.0,0.0,0.0,0.0,0.0,0.0,0.0,0.0,0.0,0.0,0.0,0.0,0.0,0.0,0.0,0.0,0.0,0.0,0.0,0.0,0.0,0.0,0,0,0,0,0.0,0.0,0.0,0.0,0,0,0.0,0,0,0,0,0.0,0.0,0.0,0,0,0.0,0,0,0.0,0,0,0.0,0
1820,MINNEAPOLIS W-10 P-04,267.0,60.0,32.0,118.0,45.64,10.26,5.47,20.17,584.0,154.0,162.0,119.0,161.0,125.0,20.26,21.32,15.66,21.18,16.45,760.0,404.0,68.0,271.0,53.3,8.97,35.75,801.0,88.0,435.0,122.0,56.0,38.0,11.91,58.86,16.51,7.58,5.14,780.0,479.0,169.0,50.0,64.21,22.65,6.7,780.0,598,310,184,27,51.55,26.72,15.86,2.33,1182,718,74.1,998,354,228,360,32.36,20.84,32.91,1094,435,40.02,1087,645,58.64,1100,673,62.03,1085
1825,MINNEAPOLIS W-10 P-05A,303.0,49.0,81.0,203.0,41.45,6.7,11.08,27.77,728.0,202.0,183.0,79.0,98.0,172.0,26.58,24.08,10.39,12.89,22.63,760.0,295.0,80.0,328.0,41.73,11.32,46.39,744.0,90.0,395.0,75.0,70.0,61.0,13.02,57.16,10.85,10.13,8.83,726.0,356.0,260.0,77.0,50.14,36.62,10.85,737.0,307,241,262,41,34.46,27.05,29.41,4.6,907,525,62.8,863,470,208,212,47.96,21.22,21.63,980,549,56.71,968,435,44.39,980,476,48.97,972
1827,MINNEAPOLIS W-10 P-05B,0.0,0.0,0.0,0.0,0.0,0.0,0.0,0.0,0.0,0.0,0.0,0.0,0.0,0.0,0.0,0.0,0.0,0.0,0.0,0.0,0.0,0.0,0.0,0.0,0.0,0.0,0.0,0.0,0.0,0.0,0.0,0.0,0.0,0.0,0.0,0.0,0.0,0.0,0.0,0.0,0.0,0.0,0.0,0.0,0.0,0,0,0,0,0.0,0.0,0.0,0.0,0,0,0.0,0,0,0,0,0.0,0.0,0.0,0,0,0.0,0,0,0.0,0,0,0.0,0
1830,MINNEAPOLIS W-10 P-06,314.0,57.0,65.0,161.0,43.07,7.82,8.92,22.09,728.0,218.0,188.0,146.0,192.0,202.0,22.11,19.07,14.81,19.47,20.49,986.0,522.0,96.0,350.0,53.37,9.82,35.79,1020.0,126.0,523.0,176.0,77.0,49.0,13.25,54.99,18.51,8.1,5.15,993.0,615.0,195.0,111.0,63.86,20.25,11.53,1000.0,690,386,249,26,49.46,27.67,17.85,1.86,1412,833,73.13,1179,441,292,427,32.98,21.84,31.94,1337,592,44.38,1334,779,57.83,1347,841,62.85,1338
1835,MINNEAPOLIS W-10 P-07,409.0,61.0,102.0,139.0,47.45,7.08,11.83,16.13,856.0,105.0,96.0,153.0,219.0,55.0,15.91,14.55,23.18,33.18,8.33,660.0,505.0,64.0,172.0,67.07,8.5,22.84,770.0,69.0,471.0,153.0,34.0,20.0,9.24,63.05,20.48,4.55,2.68,763.0,594.0,69.0,60.0,77.65,9.02,7.84,781.0,678,226,89,12,66.08,22.03,8.67,1.17,1038,717,84.65,860,161,141,408,19.44,17.03,49.28,828,217,26.5,819,597,71.58,834,659,79.21,832
1840,MINNEAPOLIS W-10 P-08,207.0,29.0,55.0,80.0,40.04,5.61,10.64,15.47,492.0,79.0,96.0,103.0,168.0,87.0,14.03,17.05,18.29,29.84,15.45,563.0,359.0,58.0,191.0,58.09,9.39,30.91,642.0,82.0,358.0,106.0,37.0,28.0,13.42,58.59,17.35,6.06,4.58,633.0,432.0,87.0,68.0,69.23,13.94,10.9,645.0,500,191,73,14,62.97,24.06,9.19,1.76,807,551,78.6,715,187,135,288,26.04,18.8,40.11,718,245,34.85,703,476,65.93,722,519,72.28,718
1845,MINNEAPOLIS W-10 P-09,211.0,37.0,35.0,91.0,43.15,7.57,7.16,18.61,483.0,115.0,111.0,169.0,250.0,105.0,14.48,13.98,21.28,31.49,13.22,794.0,524.0,105.0,244.0,58.61,11.74,27.29,922.0,83.0,574.0,181.0,41.0,39.0,9.04,62.53,19.72,4.47,4.25,945.0,657.0,105.0,90.0,70.72,11.3,9.69,952.0,876,267,95,26,67.49,20.57,7.32,2.0,1308,867,82.49,1074,259,172,491,24.16,16.04,45.8,1072,339,32.01,1059,741,68.55,1081,821,76.66,1071
1850,MINNEAPOLIS W-10 P-10,,,,,,,,,,119.0,90.0,118.0,166.0,97.0,19.16,14.49,19.0,26.73,15.62,621.0,498.0,84.0,226.0,59.29,10.0,26.9,868.0,71.0,600.0,139.0,41.0,35.0,8.01,67.72,15.69,4.63,3.95,911.0,624.0,92.0,87.0,68.95,10.17,9.61,924.0,667,260,125,19,60.86,23.72,11.41,1.73,1103,890,81.2,1121,239,139,383,23.92,13.91,38.34,999,378,38.89,972,606,61.21,990,734,74.9,980
1855,MINNEAPOLIS W-10 P-11,,,,,,,,,,,,,,,,,,,,,,,,,,,,,,,,,,,,,,,,,,,,,,495,253,165,38,50.0,25.56,16.67,3.84,998,550,72.56,772,267,174,282,32.29,21.04,34.1,827,336,40.73,825,499,59.76,835,536,64.66,829
1860,MINNEAPOLIS W-11 P-01,354.0,72.0,91.0,193.0,43.38,8.82,11.15,23.65,814.0,201.0,239.0,132.0,121.0,221.0,21.18,25.18,13.91,12.75,23.29,949.0,350.0,88.0,395.0,41.52,10.44,46.86,892.0,83.0,499.0,115.0,69.0,51.0,10.16,61.08,14.08,8.45,6.24,861.0,466.0,273.0,74.0,55.88,32.73,8.87,874.0,283,313,319,56,27.77,30.72,31.31,5.5,1038,585,56.2,1076,630,248,225,51.05,20.1,18.23,1234,751,61.06,1230,461,37.21,1239,548,44.52,1231
1865,MINNEAPOLIS W-11 P-02,365.0,136.0,80.0,279.0,36.1,13.45,7.91,27.6,1008.0,247.0,319.0,94.0,108.0,318.0,21.86,28.23,8.32,9.56,28.14,1130.0,368.0,101.0,478.0,38.13,10.47,49.53,1065.0,105.0,558.0,95.0,111.0,76.0,11.11,59.05,10.05,11.75,8.04,1031.0,400.0,405.0,90.0,41.88,42.41,9.42,1028.0,284,299,482,63,23.01,24.23,39.06,5.11,1297,636,51.13,1287,869,292,144,55.17,18.54,9.14,1575,1061,68.23,1555,483,30.67,1575,609,39.01,1561
1870,MINNEAPOLIS W-11 P-03,222.0,66.0,42.0,143.0,38.95,11.58,7.37,25.09,568.0,137.0,184.0,105.0,94.0,167.0,19.38,26.03,14.85,13.3,23.62,707.0,308.0,100.0,272.0,44.7,14.51,39.48,753.0,78.0,407.0,109.0,41.0,41.0,11.54,60.21,16.12,6.07,6.07,736.0,362.0,186.0,79.0,53.31,27.39,11.63,732.0,389,229,241,45,41.56,24.47,25.75,4.81,971,560,61.2,965,554,167,181,49.16,14.82,16.06,1127,602,53.85,1118,428,37.94,1128,542,48.18,1125
1875,MINNEAPOLIS W-11 P-04,495.0,143.0,109.0,293.0,41.74,12.06,9.19,24.7,1185.0,278.0,402.0,212.0,222.0,348.0,18.39,26.59,14.02,14.68,23.02,1512.0,603.0,122.0,560.0,46.6,9.43,43.28,1389.0,158.0,746.0,148.0,135.0,66.0,12.61,59.54,11.81,10.77,5.27,1340.0,603.0,310.0,332.0,47.22,24.28,26.0,1351.0,467,496,486,67,29.97,31.84,31.19,4.3,1583,946,60.6,1629,915,517,290,46.1,26.05,14.61,1985,1169,59.37,1969,799,40.09,1993,946,48.0,1971
1880,MINNEAPOLIS W-11 P-05,257.0,82.0,75.0,165.0,38.59,12.31,11.26,24.77,666.0,154.0,237.0,85.0,88.0,187.0,19.9,30.62,10.98,11.37,24.16,774.0,268.0,69.0,324.0,40.42,10.41,48.87,714.0,60.0,367.0,80.0,77.0,56.0,9.38,57.34,12.5,12.03,8.75,687.0,301.0,215.0,102.0,46.09,32.92,15.62,693.0,196,214,352,54,23.06,25.18,41.41,6.35,865,437,49.66,908,625,215,120,55.56,19.11,10.67,1125,742,65.96,1125,340,29.82,1140,403,35.82,1125
1885,MINNEAPOLIS W-11 P-06,420.0,148.0,95.0,247.0,40.58,14.3,9.18,23.86,1035.0,240.0,406.0,117.0,186.0,270.0,18.62,31.5,9.08,14.43,20.95,1289.0,436.0,132.0,501.0,40.52,12.27,46.56,1166.0,107.0,603.0,123.0,130.0,75.0,10.31,58.09,11.85,12.52,7.23,1115.0,471.0,333.0,230.0,44.35,31.36,21.66,1128.0,298,392,489,63,23.08,30.36,37.88,4.88,1316,714,52.23,1422,954,415,207,51.68,22.48,11.21,1846,1147,62.34,1840,619,33.39,1854,754,40.96,1841
1890,MINNEAPOLIS W-11 P-07,271.0,133.0,73.0,250.0,31.81,15.61,8.57,29.34,851.0,219.0,341.0,120.0,110.0,260.0,19.8,30.83,10.85,9.95,23.51,1106.0,378.0,126.0,411.0,40.82,13.61,44.38,1024.0,105.0,560.0,90.0,76.0,72.0,11.63,62.02,9.97,8.42,7.97,994.0,426.0,255.0,189.0,46.76,27.99,20.75,991.0,292,309,429,62,25.57,27.06,37.57,5.43,1172,643,54.63,1241,874,293,203,53.72,18.01,12.48,1627,971,59.94,1620,517,31.51,1641,618,38.1,1622
1895,MINNEAPOLIS W-11 P-08,229.0,100.0,61.0,170.0,33.63,14.68,8.96,24.96,681.0,171.0,263.0,111.0,102.0,201.0,18.77,28.87,12.18,11.2,22.06,911.0,354.0,117.0,306.0,45.1,14.9,38.98,899.0,87.0,459.0,101.0,51.0,50.0,11.63,61.36,13.5,6.82,6.68,853.0,363.0,192.0,190.0,46.72,24.71,24.45,873.0,318,267,315,40,32.68,27.44,32.37,4.11,1014,613,60.87,1084,610,300,212,42.39,20.85,14.73,1439,782,54.46,1436,526,36.3,1449,658,45.79,1437
1900,MINNEAPOLIS W-11 P-09,91.0,36.0,30.0,75.0,28.53,11.29,9.4,23.51,313.0,65.0,108.0,63.0,54.0,69.0,16.62,27.62,16.11,13.81,17.65,391.0,178.0,64.0,164.0,43.2,15.53,39.81,447.0,39.0,253.0,51.0,29.0,30.0,9.7,62.94,12.69,7.21,7.46,436.0,194.0,80.0,102.0,48.38,19.95,25.44,432.0,201,106,125,22,42.58,22.46,26.48,4.66,485,312,62.15,536,251,133,97,38.91,20.62,15.04,645,317,49.38,642,256,39.32,651,315,48.91,644
1902,MINNEAPOLIS W-11 P-10,212.0,107.0,72.0,139.0,33.65,16.98,11.43,22.06,629.0,139.0,217.0,68.0,109.0,183.0,17.98,28.07,8.8,14.1,23.67,773.0,244.0,80.0,325.0,37.37,12.25,49.77,751.0,70.0,349.0,95.0,77.0,49.0,10.94,54.53,14.84,12.03,7.66,727.0,290.0,200.0,113.0,44.96,31.01,17.52,725.0,218,216,304,52,26.39,26.15,36.8,6.3,856,449,53.39,895,588,179,126,52.83,16.08,11.32,1113,662,60.13,1101,351,31.34,1120,403,36.27,1111
1905,MINNEAPOLIS W-12 P-01,445.0,82.0,77.0,279.0,42.42,7.82,7.34,26.6,1049.0,267.0,273.0,221.0,267.0,200.0,21.01,21.48,17.39,21.01,15.74,1271.0,634.0,131.0,455.0,51.5,10.64,36.96,1298.0,118.0,736.0,175.0,117.0,59.0,9.79,61.08,14.52,9.71,4.9,1268.0,603.0,234.0,354.0,49.1,19.06,28.83,1277.0,532,495,338,40,36.84,34.28,23.41,2.77,1461,988,67.26,1511,694,420,427,38.79,23.48,23.87,1789,869,48.93,1776,870,48.41,1797,956,53.65,1782
1910,MINNEAPOLIS W-12 P-02,404.0,75.0,66.0,231.0,42.89,7.96,7.01,24.52,940.0,208.0,259.0,174.0,220.0,229.0,18.13,22.58,15.17,19.18,19.97,1147.0,509.0,130.0,426.0,47.22,12.06,39.52,1152.0,108.0,633.0,156.0,95.0,69.0,10.18,59.66,14.7,8.95,6.5,1129.0,524.0,231.0,296.0,48.12,21.21,27.18,1145.0,426,413,388,35,32.57,31.57,29.66,2.68,1339,854,64.21,1382,680,433,295,41.29,26.29,17.91,1647,856,52.45,1632,739,44.76,1651,887,53.99,1643
1915,MINNEAPOLIS W-12 P-03,396.0,102.0,105.0,306.0,36.43,9.38,9.66,28.15,1087.0,274.0,314.0,208.0,199.0,268.0,20.77,23.81,15.77,15.09,20.32,1319.0,608.0,151.0,539.0,46.55,11.56,41.27,1411.0,134.0,785.0,160.0,135.0,56.0,10.55,61.81,12.6,10.63,4.41,1367.0,587.0,352.0,308.0,45.19,27.1,23.71,1391.0,547,467,449,70,34.14,29.15,28.03,4.37,1648,976,62.64,1646,857,453,341,43.72,23.11,17.4,1960,1058,54.48,1942,827,42.04,1967,1023,52.6,1945
1920,MINNEAPOLIS W-12 P-04,202.0,46.0,45.0,127.0,38.4,8.75,8.56,24.14,525.0,128.0,138.0,124.0,119.0,113.0,19.57,21.1,18.96,18.2,17.28,654.0,289.0,65.0,220.0,49.91,11.23,38.0,624.0,59.0,342.0,81.0,45.0,36.0,10.48,60.75,14.39,7.99,6.39,605.0,261.0,132.0,160.0,45.39,22.96,27.83,611.0,261,254,227,41,32.06,31.2,27.89,5.04,833,496,63.84,817,398,255,145,40.95,26.23,14.92,972,503,51.75,972,441,44.95,981,498,50.92,978
1925,MINNEAPOLIS W-12 P-05,491.0,144.0,97.0,331.0,39.0,11.44,7.7,26.29,1259.0,198.0,241.0,134.0,149.0,179.0,21.2,25.8,14.35,15.95,19.16,934.0,369.0,102.0,351.0,44.46,12.29,42.29,895.0,69.0,490.0,120.0,76.0,51.0,8.56,60.79,14.89,9.43,6.33,863.0,377.0,191.0,230.0,45.53,23.07,27.78,883.0,264,351,290,44,26.51,35.24,29.12,4.42,1012,627,62.45,1059,565,334,221,43.83,25.91,17.15,1289,690,54.59,1264,562,43.46,1293,638,50.0,1276
1930,MINNEAPOLIS W-12 P-06,416.0,135.0,103.0,294.0,35.92,11.66,8.89,25.39,1154.0,144.0,197.0,106.0,105.0,125.0,20.17,27.59,14.85,14.71,17.51,714.0,307.0,115.0,275.0,43.92,16.45,39.34,784.0,86.0,408.0,79.0,56.0,53.0,12.61,59.82,11.58,8.21,7.77,758.0,292.0,190.0,193.0,42.2,27.46,27.89,761.0,224,220,267,44,28.32,27.81,33.75,5.56,823,464,54.46,903,538,219,184,47.03,19.14,16.08,1144,594,52.71,1127,462,40.31,1146,519,45.81,1133
1935,MINNEAPOLIS W-12 P-07,2.0,2.0,3.0,10.0,3.85,3.85,5.77,19.23,51.0,14.0,4.0,1.0,3.0,3.0,35.9,10.26,2.56,7.69,7.69,39.0,3.0,11.0,11.0,10.34,37.93,37.93,44.0,3.0,19.0,1.0,3.0,2.0,10.71,67.86,3.57,10.71,7.14,43.0,4.0,12.0,6.0,14.81,44.44,22.22,36.0,5,3,15,10,10.87,6.52,32.61,21.74,64,14,34.15,61,25,0,0,60.98,0.0,0.0,41,24,63.16,38,14,37.84,37,16,44.44,36
1940,MINNEAPOLIS W-12 P-08,661.0,133.0,130.0,280.0,45.4,9.13,8.93,19.23,1450.0,91.0,118.0,125.0,147.0,81.0,15.74,20.42,21.63,25.43,14.01,578.0,300.0,47.0,189.0,54.95,8.61,34.62,584.0,59.0,317.0,86.0,41.0,33.0,11.01,59.14,16.04,7.65,6.16,569.0,322.0,61.0,144.0,59.08,11.19,26.42,573.0,316,210,137,13,45.86,30.48,19.88,1.89,705,494,75.3,676,256,240,239,30.33,28.44,28.32,844,355,42.57,834,470,55.62,845,508,60.12,845
1945,MINNEAPOLIS W-12 P-09,232.0,88.0,52.0,127.0,37.66,14.29,8.44,20.62,613.0,155.0,191.0,141.0,142.0,125.0,19.42,23.93,17.67,17.79,15.66,798.0,363.0,85.0,288.0,48.53,11.36,38.5,807.0,91.0,469.0,112.0,39.0,26.0,12.35,63.64,15.2,5.29,3.53,793.0,401.0,124.0,175.0,54.34,16.8,23.71,787.0,372,303,197,24,40.0,32.58,21.18,2.58,955,607,68.13,946,419,282,242,35.97,24.21,20.77,1165,514,44.35,1159,586,50.26,1166,626,53.92,1161
1950,MINNEAPOLIS W-12 P-10,169.0,68.0,44.0,142.0,31.18,12.55,8.12,26.2,542.0,123.0,207.0,116.0,101.0,127.0,16.92,28.47,15.96,13.89,17.47,727.0,301.0,111.0,225.0,46.74,17.24,34.94,722.0,89.0,391.0,66.0,41.0,47.0,14.04,61.67,10.41,6.47,7.41,706.0,314.0,150.0,146.0,49.14,23.47,22.85,700.0,357,201,248,33,41.27,23.24,28.67,3.82,904,520,61.47,925,506,221,201,40.94,17.88,16.26,1236,601,49.06,1225,477,38.37,1243,596,48.3,1234
1955,MINNEAPOLIS W-12 P-11,,,,,,,,,,123.0,169.0,100.0,108.0,104.0,19.25,26.45,15.65,16.9,16.28,639.0,278.0,87.0,267.0,43.71,13.68,41.98,697.0,85.0,366.0,90.0,37.0,34.0,13.89,59.8,14.71,6.05,5.56,668.0,312.0,123.0,165.0,49.76,19.62,26.32,678.0,282,226,220,36,35.43,28.39,27.64,4.52,822,547,67.53,865,445,212,179,42.58,20.29,17.13,1045,527,50.67,1040,445,42.42,1049,534,51.25,1042
1956,MINNEAPOLIS W-12 P-12,,,,,,,,,,238.0,274.0,210.0,259.0,193.0,19.09,21.97,16.84,20.77,15.48,1247.0,604.0,146.0,422.0,51.27,12.39,35.82,1247.0,113.0,732.0,158.0,77.0,83.0,9.72,62.94,13.59,6.62,7.14,1227.0,607.0,224.0,281.0,51.7,19.08,23.94,1233.0,586,487,296,67,38.68,32.15,19.54,4.42,1555,1003,66.73,1562,694,437,511,36.09,22.72,26.57,1923,875,45.93,1905,986,50.88,1938,1097,57.25,1916
1957,MINNEAPOLIS W-12 P-13,,,,,,,,,,97.0,156.0,60.0,91.0,128.0,17.23,27.71,10.66,16.16,22.74,563.0,202.0,72.0,204.0,42.08,15.0,42.5,532.0,68.0,289.0,55.0,29.0,25.0,14.59,62.02,11.8,6.22,5.36,512.0,218.0,131.0,115.0,45.89,27.58,24.21,515.0,174,191,206,32,27.75,30.46,32.85,5.1,639,397,59.43,703,378,178,123,43.8,20.63,14.25,863,515,60.02,858,313,35.98,870,383,44.48,861
1960,MINNEAPOLIS W-13 P-01,206.0,100.0,50.0,134.0,35.03,17.01,8.5,22.79,587.0,121.0,211.0,72.0,70.0,184.0,17.51,30.54,10.42,10.13,26.63,691.0,284.0,63.0,362.0,39.61,8.79,50.49,793.0,72.0,367.0,111.0,93.0,53.0,10.34,52.73,15.95,13.36,7.61,763.0,344.0,265.0,77.0,48.25,37.17,10.8,769.0,328,205,371,68,31.81,19.88,35.98,6.6,1050,461,46.47,1033,626,147,189,53.83,12.64,16.25,1163,761,65.72,1158,382,32.54,1174,481,41.25,1166
1965,MINNEAPOLIS W-13 P-02,543.0,141.0,99.0,289.0,43.1,11.19,7.86,22.94,1260.0,163.0,188.0,46.0,56.0,162.0,25.59,29.51,7.22,8.79,25.43,637.0,212.0,47.0,277.0,39.26,8.7,51.3,582.0,56.0,297.0,73.0,61.0,39.0,10.65,56.46,13.88,11.6,7.41,566.0,239.0,203.0,63.0,44.76,38.02,11.8,569.0,147,196,301,50,20.0,26.67,40.95,6.8,749,322,43.4,771,532,197,76,56.48,20.91,8.07,942,698,74.1,942,260,27.43,948,291,30.89,942
1970,MINNEAPOLIS W-13 P-03,542.0,145.0,105.0,255.0,45.36,12.13,8.79,21.34,1194.0,173.0,295.0,85.0,79.0,209.0,20.09,34.26,9.87,9.18,24.27,861.0,288.0,91.0,393.0,36.92,11.67,50.38,812.0,84.0,406.0,90.0,113.0,63.0,11.11,53.7,11.9,14.95,8.33,782.0,321.0,360.0,64.0,41.47,46.51,8.27,798.0,210,219,400,80,21.76,22.69,41.45,8.29,972,445,44.15,1036,754,188,95,61.7,15.38,7.77,1222,921,75.43,1221,322,26.22,1228,372,30.62,1215
1975,MINNEAPOLIS W-13 P-04,498.0,239.0,137.0,289.0,37.42,17.96,10.29,21.71,1331.0,179.0,263.0,95.0,73.0,173.0,22.35,32.83,11.86,9.11,21.6,801.0,321.0,87.0,335.0,43.03,11.66,44.91,797.0,82.0,385.0,116.0,92.0,46.0,11.37,53.4,16.09,12.76,6.38,769.0,360.0,293.0,61.0,48.98,39.86,8.3,771.0,254,265,328,56,26.6,27.75,34.35,5.86,978,547,55.59,1017,632,251,115,52.62,20.9,9.58,1201,810,68.35,1185,385,31.9,1207,477,39.95,1194
1980,MINNEAPOLIS W-13 P-05,596.0,166.0,147.0,310.0,42.03,11.71,10.37,21.86,1418.0,167.0,289.0,67.0,82.0,220.0,19.67,34.04,7.89,9.66,25.91,849.0,246.0,80.0,409.0,33.15,10.78,55.12,792.0,75.0,432.0,80.0,87.0,52.0,10.33,59.5,11.02,11.98,7.16,769.0,328.0,319.0,63.0,44.87,43.64,8.62,768.0,168,221,399,67,18.56,24.42,44.09,7.4,920,426,43.74,1001,717,210,86,57.31,16.79,6.87,1251,911,73.11,1246,309,24.62,1255,389,31.35,1241
1985,MINNEAPOLIS W-13 P-06,705.0,209.0,150.0,461.0,41.96,12.44,8.93,27.44,1680.0,183.0,394.0,94.0,92.0,377.0,15.65,33.7,8.04,7.87,32.25,1169.0,344.0,73.0,579.0,34.26,7.27,57.67,1060.0,58.0,570.0,87.0,167.0,88.0,5.98,58.76,8.97,17.22,9.07,1021.0,400.0,431.0,131.0,40.28,43.4,13.19,1036.0,217,291,520,91,18.24,24.45,43.7,7.65,1201,517,39.8,1337,925,255,131,58.8,16.21,8.33,1573,1236,78.98,1565,373,23.7,1574,432,27.62,1564
1990,MINNEAPOLIS W-13 P-07,573.0,189.0,105.0,339.0,41.58,13.72,7.62,24.6,1378.0,248.0,516.0,138.0,120.0,387.0,16.91,35.17,9.41,8.18,26.38,1467.0,447.0,141.0,639.0,36.14,11.4,51.66,1342.0,131.0,704.0,126.0,151.0,97.0,10.84,58.23,10.42,12.49,8.02,1305.0,536.0,507.0,137.0,43.9,41.52,11.22,1308.0,335,389,673,94,21.26,24.68,42.7,5.96,1605,794,47.66,1714,1168,410,160,56.13,19.7,7.69,2081,1479,71.62,2065,561,26.78,2095,709,34.25,2070
1995,MINNEAPOLIS W-13 P-08,364.0,123.0,81.0,205.0,41.08,13.88,9.14,23.14,886.0,163.0,347.0,110.0,83.0,276.0,16.11,34.29,10.87,8.2,27.27,1012.0,328.0,114.0,381.0,39.57,13.75,45.96,894.0,87.0,464.0,106.0,75.0,70.0,10.85,57.86,13.22,9.35,8.73,865.0,365.0,310.0,101.0,44.46,37.76,12.3,876.0,188,296,427,62,18.56,29.22,42.15,6.12,1037,546,48.32,1183,791,251,150,55.51,17.61,10.53,1425,937,65.57,1429,416,28.91,1439,552,38.66,1428
2000,MINNEAPOLIS W-13 P-09,358.0,150.0,69.0,272.0,36.38,15.24,7.01,27.64,984.0,163.0,380.0,127.0,116.0,355.0,13.65,31.83,10.64,9.72,29.73,1194.0,393.0,128.0,455.0,39.94,13.01,46.24,1124.0,114.0,592.0,103.0,71.0,71.0,11.99,62.25,10.83,7.47,7.47,1082.0,485.0,343.0,98.0,50.0,35.36,10.1,1083.0,371,341,442,75,28.67,26.35,34.16,5.8,1349,769,55.13,1474,854,390,204,47.87,21.86,11.44,1784,1133,63.65,1780,577,32.11,1797,715,40.24,1777
2005,MINNEAPOLIS W-13 P-10,,,,,,,,,,112.0,183.0,64.0,69.0,153.0,18.92,30.91,10.81,11.66,25.84,592.0,215.0,51.0,290.0,38.19,9.06,51.51,581.0,62.0,289.0,86.0,80.0,32.0,11.29,52.64,15.66,14.57,5.83,563.0,287.0,195.0,61.0,51.34,34.88,10.91,570.0,146,185,288,53,20.95,26.54,41.32,7.6,708,322,43.99,743,453,161,87,55.86,19.85,10.73,811,593,73.3,809,257,31.57,814,267,33.04,808
2010,MINNEAPOLIS W-13 P-11,,,,,,,,,,140.0,343.0,73.0,64.0,240.0,15.78,38.67,8.23,7.22,27.06,887.0,313.0,93.0,346.0,41.24,12.25,45.59,813.0,102.0,405.0,90.0,75.0,70.0,13.75,54.58,12.13,10.11,9.43,791.0,328.0,322.0,70.0,43.56,42.76,9.3,797.0,183,218,427,53,19.83,23.62,46.26,5.74,933,418,40.78,1066,766,201,101,58.7,15.4,7.74,1305,956,73.88,1294,320,24.46,1308,379,29.11,1302
2015,MINNEAPOLIS W-13 P-12,,,,,,,,,,108.0,204.0,85.0,46.0,128.0,18.4,34.75,14.48,7.84,21.81,587.0,195.0,54.0,242.0,39.55,10.95,49.09,535.0,49.0,271.0,79.0,49.0,37.0,10.1,55.88,16.29,10.1,7.63,523.0,240.0,191.0,40.0,49.28,39.22,8.21,522.0,128,177,294,46,19.08,26.38,43.82,6.86,680,335,47.18,726,478,159,78,57.94,19.27,9.45,825,612,74.63,820,215,25.75,835,277,33.41,829
2020,MINNEAPOLIS W-13 P-13,,,,,,,,,,195.0,320.0,68.0,81.0,261.0,20.48,33.61,7.14,8.51,27.42,952.0,258.0,82.0,439.0,32.87,10.45,55.92,830.0,84.0,417.0,82.0,119.0,65.0,10.95,54.37,10.69,15.52,8.47,809.0,301.0,371.0,91.0,38.79,47.81,11.73,812.0,164,252,439,58,16.63,25.56,44.52,5.88,996,417,37.53,1129,820,214,74,63.47,16.56,5.73,1292,1035,80.67,1283,294,22.69,1296,356,27.62,1289
