pct_num,pct_name,hodges13_votes,winton13_votes,samuels13_votes,andrew13_votes,hodges13_pct,winton13_pct,samuels13_pct,andrew13_pct,hodges17_votes,frey17_votes,levy17_votes,dehn17_votes,hoch17_votes,hodges17_pct,frey17_pct,levy17_pct,dehn17_pct,hoch17_pct,murphy18_votes,swanson18_votes,walz18_votes,murphy18_pct,swanson18_pct,walz18_pct,hilstrom18_votes,ellison18_votes,pelikan18_votes,rothman18_votes,foley18_votes,hilstrom18_pct,ellison18_pct,pelikan18_pct,rothman18_pct,foley18_pct,omar18_votes,kelliher18_votes,ray18_votes,omar18_pct,kelliher18_pct,ray18_pct,sanders20_votes,warren20_votes,biden20_votes,bloomberg20_votes,sanders20_pct,warren20_pct,biden20_pct,bloomberg20_pct,omar20_votes,melton20_votes,omar20_pct,melton20_pct,frey21_votes,knuth21_votes,nezhad21_votes,frey21_pct,knuth21_pct,nezhad21_pct,yes1_votes,no1_votes,yes1_pct,no1_pct,yes2_votes,no2_votes,yes2_pct,no2_pct,yes3_votes,no3_votes,yes3_pct,no3_pct
1360,MINNEAPOLIS W-1 P-01,134.0,46.0,52.0,159.0,26.02,8.93,10.1,30.87,64.0,95.0,69.0,56.0,77.0,15.72,23.34,16.95,13.76,18.92,175.0,41.0,90.0,56.45,13.23,29.03,32.0,186.0,52.0,9.0,24.0,10.56,61.39,17.16,2.97,7.92,193.0,64.0,29.0,62.66,20.78,9.42,202,86,79,25,49.63,21.13,19.41,6.14,105,281,26.25,70.25,175,105,130,33.98,20.39,25.24,302,206,59.45,40.55,284,241,54.1,45.9,240,273,46.78,53.22
1365,MINNEAPOLIS W-1 P-02,282.0,99.0,76.0,235.0,31.69,11.12,8.54,26.4,186.0,316.0,193.0,191.0,298.0,14.31,24.31,14.85,14.69,22.92,537.0,131.0,356.0,51.93,12.67,34.43,136.0,582.0,137.0,70.0,79.0,13.55,57.97,13.65,6.97,7.87,591.0,277.0,95.0,57.83,27.1,9.3,612,396,318,46,42.92,27.77,22.3,3.23,407,933,29.41,67.41,764,372,363,41.7,20.31,19.81,991,807,55.12,44.88,1011,827,55.01,44.99,910,916,49.84,50.16
1370,MINNEAPOLIS W-1 P-03,288.0,155.0,83.0,249.0,31.3,16.85,9.02,27.07,211.0,339.0,209.0,221.0,236.0,16.54,26.57,16.38,17.32,18.5,516.0,110.0,401.0,49.76,10.61,38.67,137.0,604.0,134.0,72.0,71.0,13.46,59.33,13.16,7.07,6.97,634.0,255.0,99.0,61.85,24.88,9.66,494,446,310,56,36.43,32.89,22.86,4.13,387,903,28.95,67.54,682,350,382,40.52,20.8,22.7,877,797,52.39,47.61,907,780,53.76,46.24,793,882,47.34,52.66
1375,MINNEAPOLIS W-1 P-04,275.0,90.0,91.0,204.0,34.63,11.34,11.46,25.69,177.0,283.0,162.0,250.0,205.0,15.47,24.74,14.16,21.85,17.92,491.0,89.0,324.0,53.54,9.71,35.33,96.0,546.0,141.0,63.0,55.0,10.65,60.6,15.65,6.99,6.1,572.0,209.0,85.0,63.2,23.09,9.39,545,384,242,34,43.53,30.67,19.33,2.72,373,818,30.62,67.16,581,323,391,39.05,21.71,26.28,820,656,55.56,44.44,767,729,51.27,48.73,671,809,45.34,54.66
1380,MINNEAPOLIS W-1 P-05,234.0,65.0,79.0,190.0,32.87,9.13,11.1,26.69,160.0,265.0,135.0,147.0,197.0,16.88,27.95,14.24,15.51,20.78,333.0,95.0,310.0,44.52,12.7,41.44,102.0,408.0,110.0,62.0,50.0,13.93,55.74,15.03,8.47,6.83,402.0,240.0,58.0,54.4,32.48,7.85,398,267,246,42,39.6,26.57,24.48,4.18,358,625,35.24,61.52,598,223,262,45.86,17.1,20.09,653,633,50.78,49.22,787,522,60.12,39.88,654,645,50.35,49.65
1385,MINNEAPOLIS W-1 P-06,226.0,66.0,89.0,172.0,30.09,8.79,11.85,22.9,182.0,258.0,147.0,203.0,199.0,17.25,24.45,13.93,19.24,18.86,478.0,124.0,251.0,54.63,14.17,28.69,120.0,510.0,133.0,48.0,42.0,14.07,59.79,15.59,5.63,4.92,582.0,160.0,68.0,66.36,18.24,7.75,631,327,188,49,51.26,26.56,15.27,3.98,224,824,20.55,75.6,421,289,427,30.73,21.09,31.17,863,476,64.45,35.55,559,798,41.19,58.81,493,853,36.63,63.37
1390,MINNEAPOLIS W-1 P-07,106.0,23.0,29.0,61.0,35.57,7.72,9.73,20.47,87.0,102.0,113.0,197.0,50.0,14.52,17.03,18.86,32.89,8.35,361.0,69.0,170.0,59.38,11.35,27.96,58.0,346.0,119.0,35.0,34.0,9.8,58.45,20.1,5.91,5.74,441.0,86.0,54.0,72.53,14.14,8.88,725,179,113,14,68.46,16.9,10.67,1.32,136,646,17.09,81.16,210,171,388,22.95,18.69,42.4,649,259,71.48,28.52,293,629,31.78,68.22,263,658,28.56,71.44
1395,MINNEAPOLIS W-1 P-08,154.0,34.0,61.0,78.0,37.2,8.21,14.73,18.84,74.0,123.0,136.0,141.0,107.0,12.19,20.26,22.41,23.23,17.63,322.0,72.0,183.0,54.95,12.29,31.23,64.0,354.0,101.0,31.0,26.0,11.11,61.46,17.53,5.38,4.51,366.0,118.0,65.0,63.21,20.38,11.23,404,190,140,34,51.14,24.05,17.72,4.3,138,497,21.07,75.88,290,162,258,35.19,19.66,31.31,506,299,62.86,37.14,355,459,43.61,56.39,303,505,37.5,62.5
1400,MINNEAPOLIS W-1 P-09,180.0,50.0,87.0,171.0,29.27,8.13,14.15,27.8,144.0,233.0,172.0,250.0,194.0,13.74,22.23,16.41,23.86,18.51,469.0,108.0,288.0,53.23,12.26,32.69,103.0,522.0,135.0,39.0,57.0,12.03,60.98,15.77,4.56,6.66,595.0,159.0,69.0,68.0,18.17,7.89,748,300,160,30,58.85,23.6,12.59,2.36,258,903,21.59,75.56,484,320,393,32.55,21.52,26.43,888,552,61.67,38.33,665,797,45.49,54.51,531,933,36.27,63.73
1405,MINNEAPOLIS W-1 P-10,,,,,,,,,65.0,127.0,59.0,59.0,80.0,15.63,30.53,14.18,14.18,19.23,173.0,58.0,123.0,48.6,16.29,34.55,61.0,178.0,61.0,15.0,31.0,17.63,51.45,17.63,4.34,8.96,192.0,93.0,47.0,54.86,26.57,13.43,226,113,101,14,48.29,24.15,21.58,2.99,133,292,30.37,66.67,258,93,116,43.73,15.76,19.66,318,265,54.55,45.45,345,249,58.08,41.92,291,298,49.41,50.59
1410,MINNEAPOLIS W-2 P-01,471.0,65.0,116.0,189.0,45.03,6.21,11.09,18.07,142.0,104.0,131.0,168.0,77.0,21.42,15.69,19.76,25.34,11.61,323.0,87.0,185.0,53.57,14.43,30.68,56.0,383.0,89.0,32.0,27.0,9.54,65.25,15.16,5.45,4.6,333.0,92.0,138.0,55.59,15.36,23.04,362,239,109,31,46.89,30.96,14.12,4.02,176,562,22.89,73.08,260,226,307,28.23,24.54,33.33,572,339,62.79,37.21,381,543,41.23,58.77,298,617,32.57,67.43
1415,MINNEAPOLIS W-2 P-02,351.0,36.0,65.0,151.0,49.23,5.05,9.12,21.18,181.0,131.0,149.0,209.0,104.0,22.74,16.46,18.72,26.26,13.07,432.0,54.0,321.0,53.01,6.63,39.39,85.0,508.0,100.0,77.0,37.0,10.53,62.95,12.39,9.54,4.58,436.0,164.0,197.0,53.3,20.05,24.08,426,275,174,18,45.56,29.41,18.61,1.93,252,652,27.3,70.64,312,343,282,29.43,32.36,26.6,591,464,56.02,43.98,454,612,42.59,57.41,379,681,35.75,64.25
1420,MINNEAPOLIS W-2 P-03,131.0,33.0,33.0,71.0,38.64,9.73,9.73,20.94,81.0,90.0,103.0,197.0,67.0,13.99,15.54,17.79,34.02,11.57,367.0,81.0,193.0,56.46,12.46,29.69,77.0,348.0,119.0,54.0,35.0,12.16,54.98,18.8,8.53,5.53,463.0,113.0,47.0,70.47,17.2,7.15,765,166,112,21,69.67,15.12,10.2,1.91,109,598,14.99,82.26,216,165,327,23.97,18.31,36.29,597,279,68.15,31.85,307,584,34.46,65.54,204,676,23.18,76.82
1425,MINNEAPOLIS W-2 P-04,29.0,16.0,13.0,16.0,24.17,13.33,10.83,13.33,24.0,41.0,55.0,125.0,16.0,8.03,13.71,18.39,41.81,5.35,54.0,7.0,15.0,68.35,8.86,18.99,16.0,37.0,14.0,3.0,3.0,21.92,50.68,19.18,4.11,4.11,64.0,6.0,8.0,80.0,7.5,10.0,521,81,124,20,67.57,10.51,16.08,2.59,7,61,9.86,85.92,35,65,130,11.44,21.24,42.48,255,51,83.33,16.67,70,243,22.36,77.64,40,271,12.86,87.14
1430,MINNEAPOLIS W-2 P-05,228.0,27.0,51.0,132.0,44.02,5.21,9.85,25.48,124.0,130.0,112.0,207.0,145.0,16.47,17.26,14.87,27.49,19.26,398.0,77.0,289.0,51.69,10.0,37.53,88.0,441.0,106.0,74.0,42.0,11.72,58.72,14.11,9.85,5.59,453.0,220.0,74.0,57.56,27.95,9.4,786,307,230,37,55.82,21.8,16.34,2.63,275,699,27.83,70.75,482,266,305,39.0,21.52,24.68,619,580,51.63,48.37,594,624,48.77,51.23,423,785,35.02,64.98
1435,MINNEAPOLIS W-2 P-06,198.0,44.0,30.0,115.0,43.81,9.73,6.64,25.44,125.0,107.0,78.0,119.0,110.0,22.2,19.01,13.85,21.14,19.54,304.0,53.0,237.0,50.75,8.85,39.57,58.0,366.0,74.0,52.0,38.0,9.86,62.24,12.59,8.84,6.46,361.0,185.0,40.0,59.97,30.73,6.64,347,197,164,32,44.54,25.29,21.05,4.11,231,450,33.29,64.84,315,159,193,42.4,21.4,25.98,361,377,48.92,51.08,375,370,50.34,49.66,319,419,43.22,56.78
1440,MINNEAPOLIS W-2 P-07,37.0,7.0,18.0,47.0,25.69,4.86,12.5,32.64,37.0,38.0,46.0,101.0,29.0,13.75,14.13,17.1,37.55,10.78,69.0,25.0,60.0,44.23,16.03,38.46,13.0,92.0,19.0,20.0,11.0,8.39,59.35,12.26,12.9,7.1,75.0,59.0,13.0,48.08,37.82,8.33,324,66,65,10,67.5,13.75,13.54,2.08,52,97,33.99,63.4,93,46,87,32.18,15.92,30.1,164,117,58.36,41.64,118,169,41.12,58.88,86,201,29.97,70.03
1445,MINNEAPOLIS W-2 P-08,564.0,104.0,122.0,287.0,45.48,8.39,9.84,23.15,301.0,301.0,251.0,268.0,275.0,20.86,20.86,17.39,18.57,19.06,663.0,148.0,594.0,46.82,10.45,41.95,139.0,896.0,140.0,136.0,77.0,10.01,64.55,10.09,9.8,5.55,664.0,278.0,441.0,47.09,19.72,31.28,518,620,425,65,30.69,36.73,25.18,3.85,511,1157,29.88,67.66,867,575,417,41.13,27.28,19.78,1021,1076,48.69,51.31,1112,1005,52.53,47.47,981,1120,46.69,53.31
1450,MINNEAPOLIS W-2 P-09,144.0,18.0,38.0,116.0,39.24,4.9,10.35,31.61,74.0,94.0,90.0,173.0,62.0,14.43,18.32,17.54,33.72,12.09,196.0,37.0,147.0,51.44,9.71,38.58,33.0,240.0,42.0,41.0,16.0,8.87,64.52,11.29,11.02,4.3,213.0,97.0,67.0,55.47,25.26,17.45,307,132,100,13,52.66,22.64,17.15,2.23,96,307,23.3,74.51,182,124,162,33.7,22.96,30.0,303,227,57.17,42.83,213,319,40.04,59.96,168,357,32.0,68.0
1455,MINNEAPOLIS W-2 P-10,44.0,34.0,14.0,44.0,21.89,16.92,6.97,21.89,79.0,65.0,62.0,134.0,18.0,20.31,16.71,15.94,34.45,4.63,79.0,21.0,39.0,56.43,15.0,27.86,29.0,54.0,31.0,8.0,13.0,21.48,40.0,22.96,5.93,9.63,108.0,14.0,17.0,76.06,9.86,11.97,835,190,228,41,63.02,14.34,17.21,3.09,35,160,17.5,80.0,65,80,282,11.63,14.31,50.45,439,110,79.96,20.04,122,435,21.9,78.1,93,465,16.67,83.33
1456,MINNEAPOLIS W-2 P-11,,,,,,,,,167.0,125.0,139.0,165.0,102.0,22.94,17.17,19.09,22.66,14.01,364.0,91.0,261.0,50.63,12.66,36.3,63.0,469.0,93.0,57.0,28.0,8.87,66.06,13.1,8.03,3.94,381.0,129.0,191.0,52.7,17.84,26.42,320,291,179,25,37.51,34.11,20.98,2.93,215,605,25.5,71.77,322,307,257,31.32,29.86,25.0,591,423,58.28,41.72,482,547,46.84,53.16,417,611,40.56,59.44
1460,MINNEAPOLIS W-3 P-01,46.0,25.0,9.0,35.0,27.71,15.06,5.42,21.08,73.0,111.0,65.0,287.0,32.0,11.89,18.08,10.59,46.74,5.21,321.0,35.0,121.0,66.19,7.22,24.95,72.0,209.0,124.0,16.0,40.0,15.62,45.34,26.9,3.47,8.68,402.0,35.0,31.0,82.72,7.2,6.38,616,130,207,39,60.69,12.81,20.39,3.84,55,262,16.98,80.86,65,63,158,16.97,16.45,41.25,298,86,77.6,22.4,123,265,31.7,68.3,84,302,21.76,78.24
1465,MINNEAPOLIS W-3 P-02,164.0,26.0,36.0,102.0,39.42,6.25,8.65,24.52,117.0,242.0,146.0,302.0,124.0,11.72,24.25,14.63,30.26,12.42,530.0,93.0,303.0,56.68,9.95,32.41,148.0,473.0,185.0,60.0,47.0,16.21,51.81,20.26,6.57,5.15,681.0,169.0,57.0,72.83,18.07,6.1,834,329,253,39,55.2,21.77,16.74,2.58,265,850,23.31,74.76,342,241,406,29.43,20.74,34.94,728,425,63.14,36.86,438,728,37.56,62.44,346,811,29.9,70.1
1470,MINNEAPOLIS W-3 P-03,317.0,92.0,102.0,314.0,32.02,9.29,10.3,31.72,164.0,537.0,147.0,238.0,352.0,10.85,35.52,9.72,15.74,23.28,513.0,180.0,626.0,38.51,13.51,47.0,138.0,727.0,173.0,188.0,73.0,10.62,55.97,13.32,14.47,5.62,672.0,491.0,120.0,50.45,36.86,9.01,691,419,474,96,37.41,22.69,25.66,5.2,743,1003,41.81,56.44,1137,380,368,52.81,17.65,17.09,851,1277,39.99,60.01,1314,837,61.09,38.91,1152,983,53.96,46.04
1475,MINNEAPOLIS W-3 P-04,173.0,64.0,80.0,153.0,26.17,9.68,12.1,23.15,64.0,153.0,60.0,105.0,131.0,11.57,27.67,10.85,18.99,23.69,210.0,80.0,132.0,48.84,18.6,30.7,58.0,257.0,52.0,24.0,32.0,13.71,60.76,12.29,5.67,7.57,229.0,107.0,42.0,53.88,25.18,9.88,276,134,134,28,45.7,22.19,22.19,4.64,169,345,31.3,63.89,278,117,218,37.67,15.85,29.54,414,308,57.34,42.66,344,388,46.99,53.01,292,438,40.0,60.0
1480,MINNEAPOLIS W-3 P-05,208.0,71.0,87.0,157.0,30.23,10.32,12.65,22.82,100.0,235.0,132.0,143.0,166.0,12.25,28.8,16.18,17.52,20.34,291.0,93.0,233.0,46.34,14.81,37.1,72.0,350.0,93.0,47.0,41.0,11.94,58.04,15.42,7.79,6.8,375.0,144.0,67.0,60.68,23.3,10.84,446,248,185,32,46.31,25.75,19.21,3.32,275,613,30.29,67.51,461,256,272,39.4,21.88,23.25,648,512,55.86,44.14,599,577,50.94,49.06,496,674,42.39,57.61
1485,MINNEAPOLIS W-3 P-06,354.0,62.0,130.0,225.0,36.2,6.34,13.29,23.01,204.0,311.0,253.0,308.0,196.0,14.93,22.77,18.52,22.55,14.35,626.0,125.0,340.0,56.7,11.32,30.8,124.0,696.0,171.0,48.0,53.0,11.36,63.74,15.66,4.4,4.85,751.0,179.0,100.0,67.78,16.16,9.03,888,391,258,25,55.53,24.45,16.14,1.56,291,1115,20.22,77.48,535,366,554,30.14,20.62,31.21,1075,672,61.53,38.47,744,1026,42.03,57.97,634,1123,36.08,63.92
1490,MINNEAPOLIS W-3 P-07,339.0,136.0,75.0,209.0,37.92,15.21,8.39,23.38,130.0,335.0,89.0,93.0,266.0,13.87,35.75,9.5,9.93,28.39,320.0,91.0,351.0,41.29,11.74,45.29,86.0,416.0,115.0,85.0,44.0,11.53,55.76,15.42,11.39,5.9,378.0,272.0,66.0,49.93,35.93,8.72,290,287,408,78,25.46,25.2,35.82,6.85,475,526,46.3,51.27,701,214,165,52.83,16.13,12.43,524,795,39.73,60.27,908,428,67.96,32.04,779,546,58.79,41.21
1495,MINNEAPOLIS W-3 P-08,198.0,101.0,68.0,207.0,25.85,13.19,8.88,27.02,93.0,282.0,35.0,63.0,204.0,13.29,40.29,5.0,9.0,29.14,210.0,95.0,276.0,35.71,16.16,46.94,60.0,292.0,116.0,68.0,40.0,10.42,50.69,20.14,11.81,6.94,222.0,231.0,78.0,38.34,39.9,13.47,199,206,294,70,23.95,24.79,35.38,8.42,373,374,48.44,48.57,613,158,131,56.92,14.67,12.16,407,662,38.07,61.93,746,338,68.82,31.18,651,425,60.5,39.5
1500,MINNEAPOLIS W-3 P-09,211.0,72.0,48.0,181.0,36.38,12.41,8.28,31.21,119.0,386.0,46.0,86.0,327.0,12.09,39.23,4.67,8.74,33.23,287.0,88.0,450.0,34.58,10.6,54.22,112.0,430.0,95.0,111.0,69.0,13.71,52.63,11.63,13.59,8.45,345.0,341.0,79.0,42.02,41.53,9.62,312,312,589,102,21.15,21.15,39.93,6.92,907,685,55.85,42.18,1331,278,204,62.05,12.96,9.51,611,1515,28.74,71.26,1614,537,75.03,24.97,1414,719,66.29,33.71
1501,MINNEAPOLIS W-3 P-10,,,,,,,,,51.0,104.0,76.0,106.0,52.0,12.32,25.12,18.36,25.6,12.56,212.0,38.0,108.0,57.77,10.35,29.43,39.0,208.0,68.0,21.0,22.0,10.89,58.1,18.99,5.87,6.15,255.0,56.0,31.0,70.83,15.56,8.61,322,118,77,14,58.76,21.53,14.05,2.55,97,344,21.46,76.11,182,129,165,30.85,21.86,27.97,368,214,63.23,36.77,254,338,42.91,57.09,258,332,43.73,56.27
1502,MINNEAPOLIS W-3 P-11,,,,,,,,,60.0,261.0,36.0,42.0,172.0,10.12,44.01,6.07,7.08,29.01,186.0,47.0,213.0,41.33,10.44,47.33,67.0,228.0,73.0,38.0,34.0,15.23,51.82,16.59,8.64,7.73,266.0,133.0,35.0,59.51,29.75,7.83,180,190,267,40,25.07,26.46,37.19,5.57,284,398,39.66,55.59,451,139,105,51.6,15.9,12.01,333,536,38.32,61.68,603,283,68.06,31.94,513,358,58.9,41.1
1503,MINNEAPOLIS W-3 P-12,,,,,,,,,36.0,109.0,33.0,35.0,90.0,11.29,34.17,10.34,10.97,28.21,94.0,59.0,120.0,34.06,21.38,43.48,36.0,150.0,47.0,19.0,19.0,13.28,55.35,17.34,7.01,7.01,99.0,106.0,29.0,36.4,38.97,10.66,152,87,137,54,32.48,18.59,29.27,11.54,181,240,40.86,54.18,306,55,67,56.56,10.17,12.38,255,272,48.39,51.61,339,200,62.89,37.11,288,244,54.14,45.86
1504,MINNEAPOLIS W-3 P-13,,,,,,,,,,,,,,,,,,,,,,,,,,,,,,,,,,,,,,,,,467,90,85,16,68.88,13.27,12.54,2.36,19,230,7.51,90.91,40,56,162,11.9,16.67,48.21,271,59,82.12,17.88,82,255,24.33,75.67,61,274,18.21,81.79
1505,MINNEAPOLIS W-4 P-01,69.0,44.0,60.0,99.0,17.78,11.34,15.46,25.52,79.0,99.0,111.0,60.0,111.0,14.93,18.71,20.98,11.34,20.98,132.0,111.0,136.0,33.17,27.89,34.17,45.0,254.0,43.0,16.0,35.0,11.45,64.63,10.94,4.07,8.91,158.0,96.0,37.0,39.7,24.12,9.3,211,67,169,33,42.2,13.4,33.8,6.6,167,297,33.6,59.76,384,54,108,54.86,7.71,15.43,367,329,52.73,47.27,512,196,72.32,27.68,373,322,53.67,46.33
1510,MINNEAPOLIS W-4 P-02,107.0,58.0,71.0,116.0,20.78,11.26,13.79,22.52,122.0,132.0,158.0,52.0,120.0,17.73,19.19,22.97,7.56,17.44,206.0,137.0,174.0,38.36,25.51,32.4,74.0,331.0,58.0,30.0,39.0,13.91,62.22,10.9,5.64,7.33,220.0,134.0,55.0,41.12,25.05,10.28,328,120,231,50,43.04,15.75,30.32,6.56,233,452,31.57,61.25,516,82,153,49.24,7.82,14.6,528,486,52.07,47.93,686,352,66.09,33.91,525,496,51.42,48.58
1515,MINNEAPOLIS W-4 P-03,24.0,25.0,45.0,44.0,11.01,11.47,20.64,20.18,66.0,69.0,80.0,44.0,49.0,18.59,19.44,22.54,12.39,13.8,123.0,80.0,57.0,45.56,29.63,21.11,30.0,195.0,22.0,7.0,21.0,10.91,70.91,8.0,2.55,7.64,100.0,47.0,37.0,36.63,17.22,13.55,169,46,78,14,52.0,14.15,24.0,4.31,98,202,31.51,64.95,206,44,89,44.02,9.4,19.02,250,214,53.88,46.12,274,200,57.81,42.19,202,264,43.35,56.65
1520,MINNEAPOLIS W-4 P-04,194.0,82.0,136.0,158.0,26.98,11.4,18.92,21.98,121.0,201.0,155.0,171.0,239.0,12.33,20.49,15.8,17.43,24.36,303.0,176.0,260.0,40.29,23.4,34.57,79.0,468.0,100.0,48.0,50.0,10.6,62.82,13.42,6.44,6.71,359.0,207.0,63.0,48.19,27.79,8.46,422,233,261,53,41.91,23.14,25.92,5.26,301,590,32.4,63.51,673,183,232,49.41,13.44,17.03,690,666,50.88,49.12,850,518,62.13,37.87,695,661,51.25,48.75
1525,MINNEAPOLIS W-4 P-05,114.0,56.0,128.0,98.0,20.11,9.88,22.57,17.28,104.0,114.0,196.0,93.0,152.0,14.21,15.57,26.78,12.7,20.77,240.0,127.0,185.0,42.18,22.32,32.51,58.0,383.0,70.0,26.0,31.0,10.21,67.43,12.32,4.58,5.46,248.0,118.0,59.0,42.83,20.38,10.19,370,140,216,33,47.13,17.83,27.52,4.2,205,497,27.44,66.53,463,93,220,45.48,9.14,21.61,551,459,54.55,45.45,599,426,58.44,41.56,452,567,44.36,55.64
1530,MINNEAPOLIS W-4 P-06,87.0,40.0,71.0,70.0,21.38,9.83,17.44,17.2,77.0,105.0,98.0,65.0,129.0,14.61,19.92,18.6,12.33,24.48,171.0,96.0,110.0,43.73,24.55,28.13,50.0,270.0,33.0,27.0,14.0,12.69,68.53,8.38,6.85,3.55,146.0,85.0,40.0,36.59,21.3,10.03,238,91,158,41,43.19,16.52,28.68,7.44,164,294,34.1,61.12,337,77,131,48.56,11.1,18.88,362,314,53.55,46.45,412,277,59.8,40.2,303,381,44.3,55.7
1535,MINNEAPOLIS W-4 P-07,158.0,76.0,120.0,141.0,25.77,12.4,19.58,23.0,81.0,162.0,150.0,115.0,193.0,10.8,21.6,20.0,15.33,25.73,232.0,114.0,216.0,40.42,19.86,37.63,81.0,308.0,86.0,43.0,43.0,14.44,54.9,15.33,7.66,7.66,276.0,168.0,56.0,48.51,29.53,9.84,287,206,209,40,36.61,26.28,26.66,5.1,282,430,37.75,57.56,539,147,181,47.95,13.08,16.1,572,533,51.76,48.24,739,393,65.28,34.72,623,496,55.67,44.33
1540,MINNEAPOLIS W-4 P-08,116.0,29.0,104.0,76.0,24.52,6.13,21.99,16.07,125.0,151.0,152.0,109.0,106.0,17.51,21.15,21.29,15.27,14.85,237.0,139.0,207.0,40.31,23.64,35.2,60.0,393.0,80.0,30.0,24.0,10.22,66.95,13.63,5.11,4.09,264.0,113.0,86.0,44.82,19.19,14.6,316,194,192,31,41.42,25.43,25.16,4.06,210,486,28.93,66.94,427,118,216,43.66,12.07,22.09,543,418,56.5,43.5,561,418,57.3,42.7,426,544,43.92,56.08
1555,MINNEAPOLIS W-5 P-01,102.0,15.0,125.0,63.0,18.99,2.79,23.28,11.73,111.0,87.0,220.0,107.0,70.0,16.95,13.28,33.59,16.34,10.69,254.0,114.0,129.0,49.03,22.01,24.9,28.0,430.0,52.0,7.0,12.0,5.29,81.29,9.83,1.32,2.27,191.0,81.0,51.0,35.97,15.25,9.6,239,91,205,32,40.3,15.35,34.57,5.4,185,439,28.55,67.75,514,96,148,55.63,10.39,16.02,424,464,47.75,52.25,579,338,63.14,36.86,381,519,42.33,57.67
1560,MINNEAPOLIS W-5 P-02,52.0,30.0,158.0,69.0,11.3,6.52,34.35,15.0,72.0,74.0,136.0,50.0,76.0,14.57,14.98,27.53,10.12,15.38,126.0,89.0,110.0,36.95,26.1,32.26,44.0,236.0,37.0,9.0,19.0,12.75,68.41,10.72,2.61,5.51,137.0,74.0,33.0,38.92,21.02,9.38,203,76,122,35,44.03,16.49,26.46,7.59,128,253,31.07,61.41,320,56,97,50.96,8.92,15.45,324,289,52.85,47.15,404,226,64.13,35.87,294,330,47.12,52.88
1565,MINNEAPOLIS W-5 P-03,38.0,12.0,118.0,39.0,11.45,3.61,35.54,11.75,70.0,49.0,143.0,62.0,49.0,16.71,11.69,34.13,14.8,11.69,127.0,64.0,78.0,45.04,22.7,27.66,24.0,218.0,19.0,13.0,7.0,8.54,77.58,6.76,4.63,2.49,94.0,30.0,38.0,32.64,10.42,13.19,182,46,102,28,48.66,12.3,27.27,7.49,108,263,27.41,66.75,275,49,108,50.74,9.04,19.93,293,238,55.18,44.82,332,210,61.25,38.75,213,320,39.96,60.04
1570,MINNEAPOLIS W-5 P-04,55.0,11.0,87.0,57.0,13.75,2.75,21.75,14.25,78.0,61.0,137.0,98.0,87.0,15.63,12.22,27.45,19.64,17.43,183.0,93.0,126.0,43.99,22.36,30.29,45.0,314.0,29.0,18.0,14.0,10.71,74.76,6.9,4.29,3.33,149.0,74.0,53.0,35.31,17.54,12.56,208,99,161,33,40.31,19.19,31.2,6.4,158,330,31.23,65.22,335,72,98,54.74,11.76,16.01,295,307,49.0,51.0,381,237,61.65,38.35,280,329,45.98,54.02
1575,MINNEAPOLIS W-5 P-05,68.0,14.0,163.0,81.0,13.99,2.88,33.54,16.67,94.0,80.0,163.0,52.0,88.0,18.04,15.36,31.29,9.98,16.89,136.0,94.0,117.0,38.53,26.63,33.14,40.0,248.0,34.0,21.0,12.0,11.27,69.86,9.58,5.92,3.38,152.0,60.0,40.0,42.94,16.95,11.3,180,98,133,26,39.47,21.49,29.17,5.7,153,345,29.31,66.09,316,77,97,53.02,12.92,16.28,273,312,46.67,53.33,369,231,61.5,38.5,262,331,44.18,55.82
1580,MINNEAPOLIS W-5 P-06C,126.0,21.0,64.0,97.0,27.27,4.55,13.85,21.0,53.0,32.0,24.0,30.0,46.0,26.5,16.0,12.0,15.0,23.0,75.0,52.0,46.0,41.44,28.73,25.41,20.0,127.0,24.0,7.0,8.0,10.75,68.28,12.9,3.76,4.3,65.0,40.0,19.0,34.76,21.39,10.16,95,33,89,27,36.26,12.6,33.97,10.31,67,142,31.02,65.74,136,19,57,48.4,6.76,20.28,133,134,49.81,50.19,165,108,60.44,39.56,103,166,38.29,61.71
1585,MINNEAPOLIS W-5 P-07,68.0,8.0,63.0,73.0,20.67,2.43,19.15,22.19,75.0,60.0,119.0,37.0,43.0,20.27,16.22,32.16,10.0,11.62,157.0,67.0,83.0,49.06,20.94,25.94,28.0,267.0,22.0,12.0,10.0,8.26,78.76,6.49,3.54,2.95,176.0,35.0,28.0,48.75,9.7,7.76,230,65,139,18,49.68,14.04,30.02,3.89,112,426,20.14,76.62,313,49,79,48.68,7.62,12.29,253,336,42.95,57.05,405,208,66.07,33.93,188,401,31.92,68.08
1590,MINNEAPOLIS W-5 P-08,55.0,19.0,113.0,51.0,14.1,4.87,28.97,13.08,68.0,93.0,136.0,43.0,55.0,14.66,20.04,29.31,9.27,11.85,132.0,66.0,95.0,42.17,21.09,30.35,33.0,227.0,34.0,10.0,27.0,9.97,68.58,10.27,3.02,8.16,112.0,56.0,38.0,33.84,16.92,11.48,239,44,100,16,57.87,10.65,24.21,3.87,136,257,32.77,61.93,309,51,86,51.67,8.53,14.38,304,271,52.87,47.13,339,247,57.85,42.15,237,345,40.72,59.28
1595,MINNEAPOLIS W-5 P-09,,,,,,,,,79.0,75.0,119.0,122.0,55.0,15.86,15.06,23.9,24.5,11.04,210.0,68.0,101.0,53.71,17.39,25.83,21.0,281.0,64.0,6.0,15.0,5.43,72.61,16.54,1.55,3.88,216.0,60.0,44.0,53.87,14.96,10.97,305,112,91,18,54.95,20.18,16.4,3.24,120,428,21.16,75.48,256,120,181,36.78,17.24,26.01,363,307,54.18,45.82,332,350,48.68,51.32,229,455,33.48,66.52
1605,MINNEAPOLIS W-6 P-01,161.0,11.0,25.0,99.0,45.87,3.13,7.12,28.21,100.0,95.0,90.0,147.0,39.0,20.41,19.39,18.37,30.0,7.96,257.0,42.0,118.0,60.76,9.93,27.9,46.0,275.0,55.0,29.0,15.0,10.95,65.48,13.1,6.9,3.57,262.0,62.0,79.0,59.41,14.06,17.91,256,125,85,16,51.61,25.2,17.14,3.23,89,352,19.78,78.22,157,99,148,31.27,19.72,29.48,240,230,51.06,48.94,193,286,40.29,59.71,139,339,29.08,70.92
1610,MINNEAPOLIS W-6 P-02,272.0,24.0,53.0,312.0,33.46,2.95,6.52,38.38,373.0,333.0,140.0,225.0,45.0,32.07,28.63,12.04,19.35,3.87,532.0,98.0,194.0,61.93,11.41,22.58,49.0,764.0,91.0,31.0,38.0,5.04,78.52,9.35,3.19,3.91,650.0,88.0,92.0,62.5,8.46,8.85,604,173,152,14,61.2,17.53,15.4,1.42,251,968,20.06,77.38,441,141,214,39.73,12.7,19.28,519,442,54.01,45.99,501,482,50.97,49.03,179,792,18.43,81.57
1615,MINNEAPOLIS W-6 P-03,68.0,9.0,19.0,974.0,5.68,0.75,1.59,81.3,429.0,803.0,66.0,105.0,39.0,27.86,52.14,4.29,6.82,2.53,441.0,78.0,136.0,65.43,11.57,20.18,29.0,824.0,48.0,23.0,16.0,3.09,87.66,5.11,2.45,1.7,709.0,56.0,23.0,60.81,4.8,1.97,458,58,137,23,65.8,8.33,19.68,3.3,256,1165,17.68,80.46,469,51,109,29.52,3.21,6.86,341,979,25.83,74.17,1080,301,78.2,21.8,132,1187,10.01,89.99
1620,MINNEAPOLIS W-6 P-04,72.0,18.0,67.0,203.0,13.48,3.37,12.55,38.02,152.0,292.0,76.0,60.0,61.0,21.68,41.65,10.84,8.56,8.7,161.0,115.0,125.0,38.61,27.58,29.98,58.0,289.0,46.0,22.0,29.0,13.06,65.09,10.36,4.96,6.53,185.0,111.0,44.0,37.99,22.79,9.03,304,82,158,32,49.35,13.31,25.65,5.19,153,392,27.08,69.38,317,60,97,40.43,7.65,12.37,397,336,54.16,45.84,495,262,65.39,34.61,264,477,35.63,64.37
1625,MINNEAPOLIS W-6 P-05,82.0,2.0,13.0,240.0,18.72,0.46,2.97,54.79,157.0,249.0,44.0,60.0,24.0,27.94,44.31,7.83,10.68,4.27,186.0,127.0,149.0,39.08,26.68,31.3,26.0,496.0,35.0,8.0,8.0,4.54,86.56,6.11,1.4,1.4,255.0,72.0,42.0,41.2,11.63,6.79,194,29,73,9,61.59,9.21,23.17,2.86,91,473,15.8,82.12,240,14,75,41.81,2.44,13.07,165,291,36.18,63.82,319,161,66.46,33.54,86,375,18.66,81.34
1630,MINNEAPOLIS W-6 P-06,60.0,23.0,38.0,110.0,18.69,7.17,11.84,34.27,131.0,204.0,69.0,55.0,33.0,24.76,38.56,13.04,10.4,6.24,197.0,83.0,138.0,45.39,19.12,31.8,43.0,385.0,41.0,6.0,13.0,8.81,78.89,8.4,1.23,2.66,232.0,77.0,35.0,45.76,15.19,6.9,229,46,52,5,65.43,13.14,14.86,1.43,104,353,21.85,74.16,149,31,87,33.63,7.0,19.64,200,197,50.38,49.62,246,159,60.74,39.26,110,296,27.09,72.91
1635,MINNEAPOLIS W-6 P-07,41.0,10.0,29.0,134.0,14.24,3.47,10.07,46.53,116.0,131.0,29.0,26.0,30.0,31.69,35.79,7.92,7.1,8.2,130.0,75.0,116.0,38.69,22.32,34.52,28.0,317.0,26.0,8.0,11.0,7.18,81.28,6.67,2.05,2.82,130.0,90.0,59.0,32.5,22.5,14.75,107,29,82,26,38.35,10.39,29.39,9.32,84,247,24.35,71.59,144,18,45,41.5,5.19,12.97,114,189,37.62,62.38,195,115,62.9,37.1,87,221,28.25,71.75
1640,MINNEAPOLIS W-6 P-08,107.0,19.0,35.0,136.0,25.91,4.6,8.47,32.93,111.0,176.0,63.0,50.0,48.0,22.61,35.85,12.83,10.18,9.78,197.0,104.0,106.0,46.24,24.41,24.88,51.0,346.0,38.0,22.0,16.0,10.78,73.15,8.03,4.65,3.38,233.0,90.0,75.0,48.34,18.67,15.56,236,59,109,40,50.32,12.58,23.24,8.53,151,388,27.26,70.04,242,44,109,41.23,7.5,18.57,279,252,52.54,47.46,338,211,61.57,38.43,171,367,31.78,68.22
1642,MINNEAPOLIS W-6 P-09,139.0,26.0,39.0,144.0,31.66,5.92,8.88,32.8,132.0,196.0,144.0,128.0,97.0,17.77,26.38,19.38,17.23,13.06,365.0,110.0,200.0,52.59,15.85,28.82,86.0,422.0,129.0,31.0,31.0,12.3,60.37,18.45,4.43,4.43,467.0,107.0,74.0,64.15,14.7,10.16,504,205,101,16,59.22,24.09,11.87,1.88,162,649,19.49,78.1,234,112,247,30.47,14.58,32.16,449,291,60.68,39.32,300,456,39.68,60.32,173,574,23.16,76.84
1645,MINNEAPOLIS W-7 P-01C,161.0,31.0,45.0,187.0,31.94,6.15,8.93,37.1,91.0,133.0,63.0,216.0,136.0,13.96,20.4,9.66,33.13,20.86,248.0,67.0,262.0,42.32,11.43,44.71,68.0,327.0,84.0,54.0,42.0,11.83,56.87,14.61,9.39,7.3,220.0,293.0,42.0,38.06,50.69,7.27,192,173,221,27,30.09,27.12,34.64,4.23,290,383,42.34,55.91,392,263,99,47.0,31.53,11.87,302,522,36.65,63.35,502,331,60.26,39.74,479,345,58.13,41.87
1650,MINNEAPOLIS W-7 P-02D,326.0,137.0,53.0,221.0,39.71,16.69,6.46,26.92,115.0,286.0,44.0,60.0,381.0,12.81,31.85,4.9,6.68,42.43,210.0,85.0,478.0,26.99,10.93,61.44,98.0,361.0,60.0,146.0,80.0,13.15,48.46,8.05,19.6,10.74,216.0,498.0,51.0,27.69,63.85,6.54,146,192,373,116,16.63,21.87,42.48,13.21,754,273,72.36,26.2,769,126,73,64.51,10.57,6.12,162,1028,13.61,86.39,991,200,83.21,16.79,958,232,80.5,19.5
1655,MINNEAPOLIS W-7 P-03,357.0,121.0,76.0,264.0,38.39,13.01,8.17,28.39,196.0,285.0,159.0,182.0,420.0,15.31,22.27,12.42,14.22,32.81,512.0,142.0,483.0,44.33,12.29,41.82,128.0,656.0,156.0,128.0,68.0,11.27,57.75,13.73,11.27,5.99,586.0,437.0,84.0,51.0,38.03,7.31,522,352,433,115,34.46,23.23,28.58,7.59,729,783,47.77,51.31,807,266,297,50.41,16.61,18.55,567,1025,35.62,64.38,974,639,60.38,39.62,872,722,54.71,45.29
1660,MINNEAPOLIS W-7 P-04D,319.0,152.0,58.0,207.0,37.75,17.99,6.86,24.5,150.0,319.0,80.0,85.0,382.0,14.38,30.58,7.67,8.15,36.63,296.0,145.0,523.0,30.45,14.92,53.81,116.0,479.0,103.0,163.0,97.0,12.11,50.0,10.75,17.01,10.13,291.0,554.0,78.0,30.34,57.77,8.13,296,238,539,112,23.05,18.54,41.98,8.72,827,466,62.65,35.3,963,179,124,62.25,11.57,8.02,410,1121,26.78,73.22,1187,369,76.29,23.71,1051,485,68.42,31.58
1665,MINNEAPOLIS W-7 P-05,206.0,41.0,49.0,138.0,38.58,7.68,9.18,25.84,125.0,238.0,148.0,144.0,240.0,13.38,25.48,15.85,15.42,25.7,395.0,135.0,294.0,47.31,16.17,35.21,128.0,450.0,127.0,65.0,55.0,15.52,54.55,15.39,7.88,6.67,461.0,257.0,65.0,55.61,31.0,7.84,614,240,277,70,48.92,19.12,22.07,5.58,380,654,35.71,61.47,508,132,243,48.43,12.58,23.16,467,573,44.9,55.1,583,471,55.31,44.69,461,577,44.41,55.59
1670,MINNEAPOLIS W-7 P-06,105.0,53.0,49.0,94.0,27.78,14.02,12.96,24.87,131.0,249.0,81.0,106.0,170.0,16.75,31.84,10.36,13.55,21.74,280.0,112.0,248.0,43.14,17.26,38.21,102.0,335.0,91.0,53.0,50.0,16.16,53.09,14.42,8.4,7.92,350.0,165.0,67.0,54.35,25.62,10.4,523,255,309,53,42.59,20.77,25.16,4.32,400,661,35.97,59.44,585,161,241,44.93,12.37,18.51,577,706,44.97,55.03,801,509,61.15,38.85,672,629,51.65,48.35
1675,MINNEAPOLIS W-7 P-07,201.0,60.0,52.0,147.0,38.43,11.47,9.94,28.11,91.0,175.0,60.0,94.0,219.0,13.94,26.8,9.19,14.4,33.54,166.0,73.0,311.0,30.02,13.2,56.24,57.0,304.0,60.0,82.0,40.0,10.5,55.99,11.05,15.1,7.37,166.0,343.0,32.0,30.02,62.03,5.79,143,150,235,60,22.38,23.47,36.78,9.39,348,298,53.13,45.5,495,161,65,60.29,19.61,7.92,205,609,25.18,74.82,590,238,71.26,28.74,561,265,67.92,32.08
1680,MINNEAPOLIS W-7 P-08,298.0,87.0,114.0,301.0,31.14,9.09,11.91,31.45,210.0,460.0,152.0,143.0,475.0,13.73,30.09,9.94,9.35,31.07,524.0,210.0,611.0,38.44,15.41,44.83,153.0,731.0,189.0,159.0,108.0,11.42,54.55,14.1,11.87,8.06,581.0,578.0,121.0,42.91,42.69,8.94,661,387,521,144,35.33,20.68,27.85,7.7,792,998,43.26,54.51,1040,295,344,53.53,15.18,17.7,750,1177,38.92,61.08,1192,754,61.25,38.75,1015,910,52.73,47.27
1685,MINNEAPOLIS W-7 P-09,377.0,98.0,74.0,240.0,42.22,10.97,8.29,26.88,237.0,244.0,115.0,212.0,308.0,20.72,21.33,10.05,18.53,26.92,463.0,121.0,492.0,42.63,11.14,45.3,132.0,573.0,153.0,141.0,60.0,12.46,54.11,14.45,13.31,5.67,535.0,428.0,93.0,49.35,39.48,8.58,547,376,423,95,35.94,24.7,27.79,6.24,639,793,43.95,54.54,742,305,307,47.78,19.64,19.77,617,928,39.94,60.06,918,642,58.85,41.15,827,715,53.63,46.37
1690,MINNEAPOLIS W-7 P-10,61.0,21.0,13.0,41.0,33.33,11.48,7.1,22.4,35.0,65.0,58.0,74.0,56.0,11.59,21.52,19.21,24.5,18.54,175.0,44.0,83.0,56.63,14.24,26.86,38.0,167.0,59.0,20.0,15.0,12.71,55.85,19.73,6.69,5.02,197.0,54.0,34.0,64.17,17.59,11.07,233,106,73,10,54.19,24.65,16.98,2.33,69,273,19.77,78.22,102,65,159,27.95,17.81,43.56,235,127,64.92,35.08,122,248,32.97,67.03,86,279,23.56,76.44
1700,MINNEAPOLIS W-8 P-01,200.0,11.0,25.0,37.0,51.02,2.81,6.38,9.44,180.0,45.0,60.0,64.0,45.0,40.91,10.23,13.64,14.55,10.23,228.0,58.0,89.0,58.16,14.8,22.7,46.0,292.0,44.0,11.0,25.0,11.0,69.86,10.53,2.63,5.98,267.0,51.0,27.0,55.39,10.58,5.6,282,79,159,27,48.04,13.46,27.09,4.6,80,439,14.79,81.15,137,41,111,21.78,6.52,17.65,213,394,35.09,64.91,394,225,63.65,36.35,111,500,18.17,81.83
1705,MINNEAPOLIS W-8 P-02,362.0,33.0,70.0,133.0,52.01,4.74,10.06,19.11,248.0,203.0,229.0,277.0,169.0,21.4,17.52,19.76,23.9,14.58,644.0,103.0,383.0,56.69,9.07,33.71,137.0,647.0,196.0,74.0,43.0,12.49,58.98,17.87,6.75,3.92,732.0,229.0,122.0,64.38,20.14,10.73,883,456,197,35,54.88,28.34,12.24,2.18,312,1143,21.14,77.44,458,321,617,29.17,20.45,39.3,948,611,60.81,39.19,562,1010,35.75,64.25,472,1097,30.08,69.92
1710,MINNEAPOLIS W-8 P-03,124.0,17.0,58.0,58.0,37.8,5.18,17.68,17.68,82.0,61.0,155.0,162.0,44.0,15.33,11.4,28.97,30.28,8.22,342.0,66.0,120.0,63.57,12.27,22.3,42.0,372.0,81.0,20.0,23.0,7.81,69.14,15.06,3.72,4.28,346.0,60.0,73.0,64.43,11.17,13.59,396,178,112,17,55.08,24.76,15.58,2.36,118,566,16.91,81.09,241,135,292,30.82,17.26,37.34,511,254,66.8,33.2,287,494,36.75,63.25,218,554,28.24,71.76
1715,MINNEAPOLIS W-8 P-04,181.0,30.0,72.0,112.0,38.03,6.3,15.13,23.53,143.0,125.0,173.0,125.0,105.0,20.0,17.48,24.2,17.48,14.69,365.0,75.0,209.0,55.14,11.33,31.57,59.0,455.0,95.0,30.0,12.0,9.06,69.89,14.59,4.61,1.84,374.0,96.0,100.0,56.84,14.59,15.2,347,225,185,31,42.01,27.24,22.4,3.75,189,591,23.33,72.96,363,165,286,38.7,17.59,30.49,522,403,56.43,43.57,428,507,45.78,54.22,365,566,39.21,60.79
1720,MINNEAPOLIS W-8 P-05,327.0,71.0,103.0,234.0,37.16,8.07,11.7,26.59,237.0,244.0,217.0,154.0,230.0,20.86,21.48,19.1,13.56,20.25,453.0,175.0,419.0,42.78,16.52,39.57,113.0,681.0,120.0,81.0,42.0,10.9,65.67,11.57,7.81,4.05,578.0,252.0,135.0,55.15,24.05,12.88,477,396,396,63,34.52,28.65,28.65,4.56,458,883,33.09,63.8,801,336,304,47.88,20.08,18.17,711,950,42.81,57.19,986,693,58.73,41.27,847,821,50.78,49.22
1725,MINNEAPOLIS W-8 P-06,509.0,49.0,95.0,169.0,53.92,5.19,10.06,17.9,338.0,218.0,226.0,287.0,158.0,26.51,17.1,17.73,22.51,12.39,611.0,100.0,394.0,55.09,9.02,35.53,116.0,668.0,169.0,103.0,32.0,10.66,61.4,15.53,9.47,2.94,712.0,243.0,120.0,64.26,21.93,10.83,628,480,283,35,42.52,32.5,19.16,2.37,331,1068,23.18,74.79,536,416,504,32.98,25.6,31.02,902,706,56.09,43.91,674,949,41.53,58.47,621,1000,38.31,61.69
1730,MINNEAPOLIS W-8 P-07,601.0,95.0,105.0,256.0,48.12,7.61,8.41,20.5,358.0,362.0,203.0,328.0,321.0,21.86,22.1,12.39,20.02,19.6,772.0,149.0,575.0,51.19,9.88,38.13,137.0,941.0,199.0,128.0,68.0,9.3,63.88,13.51,8.69,4.62,891.0,400.0,160.0,59.56,26.74,10.7,604,631,477,55,33.04,34.52,26.09,3.01,602,1261,31.49,65.95,858,601,448,39.98,28.01,20.88,1004,1127,47.11,52.89,1165,988,54.11,45.89,1038,1107,48.39,51.61
1735,MINNEAPOLIS W-8 P-08,519.0,73.0,100.0,194.0,48.82,6.87,9.41,18.25,293.0,229.0,280.0,309.0,180.0,21.69,16.95,20.73,22.87,13.32,639.0,166.0,409.0,51.82,13.46,33.17,103.0,820.0,182.0,56.0,44.0,8.55,68.05,15.1,4.65,3.65,683.0,166.0,321.0,55.8,13.56,26.23,686,528,319,40,42.24,32.51,19.64,2.46,392,1155,24.86,73.24,604,450,559,32.49,24.21,30.07,1041,806,56.36,43.64,812,1055,43.49,56.51,684,1170,36.89,63.11
1750,MINNEAPOLIS W-9 P-01,321.0,27.0,73.0,133.0,44.28,3.72,10.07,18.34,75.0,87.0,105.0,172.0,34.0,15.12,17.54,21.17,34.68,6.85,268.0,47.0,122.0,59.96,10.51,27.29,44.0,295.0,73.0,11.0,14.0,10.07,67.51,16.7,2.52,3.2,281.0,43.0,73.0,62.72,9.6,16.29,387,141,84,12,60.37,22.0,13.1,1.87,115,501,18.25,79.52,182,87,287,27.79,13.28,43.82,417,218,65.67,34.33,214,435,32.97,67.03,153,489,23.83,76.17
1755,MINNEAPOLIS W-9 P-02,568.0,38.0,98.0,175.0,50.76,3.4,8.76,15.64,239.0,126.0,333.0,471.0,110.0,17.74,9.35,24.72,34.97,8.17,849.0,90.0,284.0,68.58,7.27,22.94,101.0,791.0,220.0,66.0,40.0,8.29,64.94,18.06,5.42,3.28,835.0,151.0,223.0,67.12,12.14,17.93,844,497,165,22,54.17,31.9,10.59,1.41,218,1189,15.22,83.03,349,362,753,21.18,21.97,45.69,1132,493,69.66,30.34,495,1156,29.98,70.02,418,1228,25.39,74.61
1760,MINNEAPOLIS W-9 P-03,156.0,41.0,47.0,100.0,32.43,8.52,9.77,20.79,145.0,156.0,116.0,105.0,67.0,22.76,24.49,18.21,16.48,10.52,335.0,134.0,177.0,50.38,20.15,26.62,39.0,565.0,77.0,15.0,26.0,5.4,78.25,10.66,2.08,3.6,388.0,106.0,97.0,52.93,14.46,13.23,397,123,126,25,57.2,17.72,18.16,3.6,132,607,17.37,79.87,298,86,232,36.43,10.51,28.36,407,372,52.25,47.75,411,386,51.57,48.43,250,535,31.85,68.15
1765,MINNEAPOLIS W-9 P-04,130.0,9.0,24.0,57.0,37.68,2.61,6.96,16.52,93.0,86.0,77.0,132.0,41.0,20.04,18.53,16.59,28.45,8.84,294.0,108.0,116.0,53.85,19.78,21.25,41.0,433.0,84.0,17.0,20.0,6.89,72.77,14.12,2.86,3.36,279.0,67.0,146.0,45.44,10.91,23.78,303,55,60,14,69.18,12.56,13.7,3.2,70,432,13.54,83.56,159,91,121,31.05,17.77,23.63,244,242,50.21,49.79,263,235,52.81,47.19,139,352,28.31,71.69
1770,MINNEAPOLIS W-9 P-05,84.0,7.0,22.0,31.0,42.42,3.54,11.11,15.66,43.0,34.0,66.0,81.0,23.0,16.41,12.98,25.19,30.92,8.78,164.0,30.0,43.0,67.49,12.35,17.7,18.0,150.0,56.0,10.0,5.0,7.53,62.76,23.43,4.18,2.09,161.0,30.0,37.0,65.98,12.3,15.16,202,61,27,5,66.89,20.2,8.94,1.66,29,239,10.51,86.59,73,44,147,23.1,13.92,46.52,209,97,68.3,31.7,109,208,34.38,65.62,80,236,25.32,74.68
1775,MINNEAPOLIS W-9 P-06,368.0,32.0,77.0,149.0,46.06,4.0,9.64,18.65,220.0,184.0,225.0,278.0,139.0,19.71,16.49,20.16,24.91,12.46,543.0,128.0,261.0,57.83,13.63,27.8,104.0,581.0,131.0,71.0,40.0,11.22,62.68,14.13,7.66,4.32,531.0,140.0,216.0,56.13,14.8,22.83,644,354,170,30,52.74,28.99,13.92,2.46,247,965,19.94,77.89,426,271,522,28.86,18.36,35.37,885,561,61.2,38.8,632,840,42.93,57.07,478,983,32.72,67.28
1780,MINNEAPOLIS W-9 P-07,267.0,29.0,59.0,77.0,49.08,5.33,10.85,14.15,130.0,75.0,159.0,179.0,88.0,19.88,11.47,24.31,27.37,13.46,374.0,57.0,200.0,58.71,8.95,31.4,76.0,379.0,112.0,35.0,23.0,12.16,60.64,17.92,5.6,3.68,379.0,112.0,119.0,59.22,17.5,18.59,362,247,89,21,48.79,33.29,11.99,2.83,152,538,21.62,76.53,239,185,317,29.0,22.45,38.47,527,294,64.19,35.81,311,516,37.61,62.39,276,548,33.5,66.5
1785,MINNEAPOLIS W-9 P-08,8.0,5.0,6.0,9.0,15.69,9.8,11.76,17.65,6.0,22.0,16.0,16.0,9.0,7.79,28.57,20.78,20.78,11.69,27.0,11.0,10.0,55.1,22.45,20.41,5.0,34.0,5.0,3.0,1.0,10.42,70.83,10.42,6.25,2.08,32.0,8.0,6.0,61.54,15.38,11.54,44,17,12,3,56.41,21.79,15.38,3.85,15,57,20.27,77.03,32,11,10,34.78,11.96,10.87,51,43,54.26,45.74,62,31,66.67,33.33,29,64,31.18,68.82
1790,MINNEAPOLIS W-9 P-09,,,,,,,,,74.0,60.0,105.0,133.0,52.0,16.52,13.39,23.44,29.69,11.61,204.0,35.0,105.0,58.79,10.09,30.26,22.0,246.0,40.0,19.0,17.0,6.4,71.51,11.63,5.52,4.94,241.0,52.0,36.0,67.7,14.61,10.11,362,96,85,15,63.62,16.87,14.94,2.64,86,413,16.8,80.66,170,64,240,29.88,11.25,42.18,352,196,64.23,35.77,223,337,39.82,60.18,166,392,29.75,70.25
1805,MINNEAPOLIS W-10 P-01,284.0,39.0,97.0,129.0,43.49,5.97,14.85,19.75,160.0,138.0,162.0,235.0,197.0,17.47,15.07,17.69,25.66,21.51,509.0,105.0,287.0,56.06,11.56,31.61,112.0,461.0,230.0,49.0,37.0,12.6,51.86,25.87,5.51,4.16,642.0,155.0,83.0,71.1,17.16,9.19,785,327,171,30,57.93,24.13,12.62,2.21,251,850,22.39,75.83,298,256,537,24.25,20.83,43.69,830,398,67.59,32.41,385,850,31.17,68.83,351,877,28.58,71.42
1810,MINNEAPOLIS W-10 P-02,269.0,43.0,49.0,121.0,47.03,7.52,8.57,21.15,168.0,232.0,161.0,222.0,176.0,16.9,23.34,16.2,22.33,17.71,566.0,84.0,332.0,56.54,8.39,33.17,109.0,537.0,202.0,76.0,47.0,11.23,55.3,20.8,7.83,4.84,657.0,199.0,105.0,65.96,19.98,10.54,466,203,146,26,53.87,23.47,16.88,3.01,159,489,23.91,73.53,213,172,328,25.82,20.85,39.76,544,280,66.02,33.98,295,534,35.59,64.42,258,570,31.16,68.84
1815,MINNEAPOLIS W-10 P-03A,295.0,65.0,83.0,189.0,40.63,8.95,11.43,26.03,157.0,229.0,90.0,99.0,211.0,19.08,27.82,10.94,12.03,25.64,324.0,80.0,338.0,43.09,10.64,44.95,95.0,423.0,103.0,80.0,37.0,12.87,57.32,13.96,10.84,5.01,365.0,295.0,62.0,49.26,39.81,8.37,373,292,311,56,34.7,27.16,28.93,5.21,444,556,43.57,54.56,643,258,212,49.39,19.82,16.28,480,808,37.27,62.73,812,492,62.27,37.73,743,558,57.11,42.89
1817,MINNEAPOLIS W-10 P-03B,0.0,0.0,0.0,0.0,0.0,0.0,0.0,0.0,0.0,0.0,0.0,0.0,0.0,0.0,0.0,0.0,0.0,0.0,0.0,0.0,0.0,0.0,0.0,0.0,0.0,0.0,0.0,0.0,0.0,0.0,0.0,0.0,0.0,0.0,0.0,0.0,0.0,0.0,0.0,0.0,0,0,0,0,0.0,0.0,0.0,0.0,0,0,0.0,0.0,0,0,0,0.0,0.0,0.0,0,0,0.0,0.0,0,0,0.0,0.0,0,0,0.0,0.0
1820,MINNEAPOLIS W-10 P-04,267.0,60.0,32.0,118.0,45.64,10.26,5.47,20.17,154.0,162.0,119.0,161.0,125.0,20.26,21.32,15.66,21.18,16.45,404.0,68.0,271.0,53.3,8.97,35.75,88.0,435.0,122.0,56.0,38.0,11.91,58.86,16.51,7.58,5.14,479.0,169.0,50.0,64.21,22.65,6.7,598,310,184,27,51.55,26.72,15.86,2.33,235,718,24.25,74.1,354,228,360,32.36,20.84,32.91,652,435,59.98,40.02,455,645,41.36,58.64,412,673,37.97,62.03
1825,MINNEAPOLIS W-10 P-05A,303.0,49.0,81.0,203.0,41.45,6.7,11.08,27.77,202.0,183.0,79.0,98.0,172.0,26.58,24.08,10.39,12.89,22.63,295.0,80.0,328.0,41.73,11.32,46.39,90.0,395.0,75.0,70.0,61.0,13.02,57.16,10.85,10.13,8.83,356.0,260.0,77.0,50.14,36.62,10.85,307,241,262,41,34.46,27.05,29.41,4.6,296,525,35.41,62.8,470,208,212,47.96,21.22,21.63,419,549,43.29,56.71,545,435,55.61,44.39,496,476,51.03,48.97
1827,MINNEAPOLIS W-10 P-05B,0.0,0.0,0.0,0.0,0.0,0.0,0.0,0.0,0.0,0.0,0.0,0.0,0.0,0.0,0.0,0.0,0.0,0.0,0.0,0.0,0.0,0.0,0.0,0.0,0.0,0.0,0.0,0.0,0.0,0.0,0.0,0.0,0.0,0.0,0.0,0.0,0.0,0.0,0.0,0.0,0,0,0,0,0.0,0.0,0.0,0.0,0,0,0.0,0.0,0,0,0,0.0,0.0,0.0,0,0,0.0,0.0,0,0,0.0,0.0,0,0,0.0,0.0
1830,MINNEAPOLIS W-10 P-06,314.0,57.0,65.0,161.0,43.07,7.82,8.92,22.09,218.0,188.0,146.0,192.0,202.0,22.11,19.07,14.81,19.47,20.49,522.0,96.0,350.0,53.37,9.82,35.79,126.0,523.0,176.0,77.0,49.0,13.25,54.99,18.51,8.1,5.15,615.0,195.0,111.0,63.86,20.25,11.53,690,386,249,26,49.46,27.67,17.85,1.86,287,833,25.2,73.13,441,292,427,32.98,21.84,31.94,742,592,55.62,44.38,568,779,42.17,57.83,497,841,37.15,62.85
1835,MINNEAPOLIS W-10 P-07,409.0,61.0,102.0,139.0,47.45,7.08,11.83,16.13,105.0,96.0,153.0,219.0,55.0,15.91,14.55,23.18,33.18,8.33,505.0,64.0,172.0,67.07,8.5,22.84,69.0,471.0,153.0,34.0,20.0,9.24,63.05,20.48,4.55,2.68,594.0,69.0,60.0,77.65,9.02,7.84,678,226,89,12,66.08,22.03,8.67,1.17,120,717,14.17,84.65,161,141,408,19.44,17.03,49.28,602,217,73.5,26.5,237,597,28.42,71.58,173,659,20.79,79.21
1840,MINNEAPOLIS W-10 P-08,207.0,29.0,55.0,80.0,40.04,5.61,10.64,15.47,79.0,96.0,103.0,168.0,87.0,14.03,17.05,18.29,29.84,15.45,359.0,58.0,191.0,58.09,9.39,30.91,82.0,358.0,106.0,37.0,28.0,13.42,58.59,17.35,6.06,4.58,432.0,87.0,68.0,69.23,13.94,10.9,500,191,73,14,62.97,24.06,9.19,1.76,140,551,19.97,78.6,187,135,288,26.04,18.8,40.11,458,245,65.15,34.85,246,476,34.07,65.93,199,519,27.72,72.28
1845,MINNEAPOLIS W-10 P-09,211.0,37.0,35.0,91.0,43.15,7.57,7.16,18.61,115.0,111.0,169.0,250.0,105.0,14.48,13.98,21.28,31.49,13.22,524.0,105.0,244.0,58.61,11.74,27.29,83.0,574.0,181.0,41.0,39.0,9.04,62.53,19.72,4.47,4.25,657.0,105.0,90.0,70.72,11.3,9.69,876,267,95,26,67.49,20.57,7.32,2.0,162,867,15.41,82.49,259,172,491,24.16,16.04,45.8,720,339,67.99,32.01,340,741,31.45,68.55,250,821,23.34,76.66
1850,MINNEAPOLIS W-10 P-10,,,,,,,,,119.0,90.0,118.0,166.0,97.0,19.16,14.49,19.0,26.73,15.62,498.0,84.0,226.0,59.29,10.0,26.9,71.0,600.0,139.0,41.0,35.0,8.01,67.72,15.69,4.63,3.95,624.0,92.0,87.0,68.95,10.17,9.61,667,260,125,19,60.86,23.72,11.41,1.73,182,890,16.61,81.2,239,139,383,23.92,13.91,38.34,594,378,61.11,38.89,384,606,38.79,61.21,246,734,25.1,74.9
1855,MINNEAPOLIS W-10 P-11,,,,,,,,,,,,,,,,,,,,,,,,,,,,,,,,,,,,,,,,,495,253,165,38,50.0,25.56,16.67,3.84,195,550,25.73,72.56,267,174,282,32.29,21.04,34.1,489,336,59.27,40.73,336,499,40.24,59.76,293,536,35.34,64.66
1860,MINNEAPOLIS W-11 P-01,354.0,72.0,91.0,193.0,43.38,8.82,11.15,23.65,201.0,239.0,132.0,121.0,221.0,21.18,25.18,13.91,12.75,23.29,350.0,88.0,395.0,41.52,10.44,46.86,83.0,499.0,115.0,69.0,51.0,10.16,61.08,14.08,8.45,6.24,466.0,273.0,74.0,55.88,32.73,8.87,283,313,319,56,27.77,30.72,31.31,5.5,438,585,42.07,56.2,630,248,225,51.05,20.1,18.23,479,751,38.94,61.06,778,461,62.79,37.21,683,548,55.48,44.52
1865,MINNEAPOLIS W-11 P-02,365.0,136.0,80.0,279.0,36.1,13.45,7.91,27.6,247.0,319.0,94.0,108.0,318.0,21.86,28.23,8.32,9.56,28.14,368.0,101.0,478.0,38.13,10.47,49.53,105.0,558.0,95.0,111.0,76.0,11.11,59.05,10.05,11.75,8.04,400.0,405.0,90.0,41.88,42.41,9.42,284,299,482,63,23.01,24.23,39.06,5.11,575,636,46.22,51.13,869,292,144,55.17,18.54,9.14,494,1061,31.77,68.23,1092,483,69.33,30.67,952,609,60.99,39.01
1870,MINNEAPOLIS W-11 P-03,222.0,66.0,42.0,143.0,38.95,11.58,7.37,25.09,137.0,184.0,105.0,94.0,167.0,19.38,26.03,14.85,13.3,23.62,308.0,100.0,272.0,44.7,14.51,39.48,78.0,407.0,109.0,41.0,41.0,11.54,60.21,16.12,6.07,6.07,362.0,186.0,79.0,53.31,27.39,11.63,389,229,241,45,41.56,24.47,25.75,4.81,329,560,35.96,61.2,554,167,181,49.16,14.82,16.06,516,602,46.15,53.85,700,428,62.06,37.94,583,542,51.82,48.18
1875,MINNEAPOLIS W-11 P-04,495.0,143.0,109.0,293.0,41.74,12.06,9.19,24.7,278.0,402.0,212.0,222.0,348.0,18.39,26.59,14.02,14.68,23.02,603.0,122.0,560.0,46.6,9.43,43.28,158.0,746.0,148.0,135.0,66.0,12.61,59.54,11.81,10.77,5.27,603.0,310.0,332.0,47.22,24.28,26.0,467,496,486,67,29.97,31.84,31.19,4.3,573,946,36.71,60.6,915,517,290,46.1,26.05,14.61,800,1169,40.63,59.37,1194,799,59.91,40.09,1025,946,52.0,48.0
1880,MINNEAPOLIS W-11 P-05,257.0,82.0,75.0,165.0,38.59,12.31,11.26,24.77,154.0,237.0,85.0,88.0,187.0,19.9,30.62,10.98,11.37,24.16,268.0,69.0,324.0,40.42,10.41,48.87,60.0,367.0,80.0,77.0,56.0,9.38,57.34,12.5,12.03,8.75,301.0,215.0,102.0,46.09,32.92,15.62,196,214,352,54,23.06,25.18,41.41,6.35,434,437,49.32,49.66,625,215,120,55.56,19.11,10.67,383,742,34.04,65.96,800,340,70.18,29.82,722,403,64.18,35.82
1885,MINNEAPOLIS W-11 P-06,420.0,148.0,95.0,247.0,40.58,14.3,9.18,23.86,240.0,406.0,117.0,186.0,270.0,18.62,31.5,9.08,14.43,20.95,436.0,132.0,501.0,40.52,12.27,46.56,107.0,603.0,123.0,130.0,75.0,10.31,58.09,11.85,12.52,7.23,471.0,333.0,230.0,44.35,31.36,21.66,298,392,489,63,23.08,30.36,37.88,4.88,629,714,46.01,52.23,954,415,207,51.68,22.48,11.21,693,1147,37.66,62.34,1235,619,66.61,33.39,1087,754,59.04,40.96
1890,MINNEAPOLIS W-11 P-07,271.0,133.0,73.0,250.0,31.81,15.61,8.57,29.34,219.0,341.0,120.0,110.0,260.0,19.8,30.83,10.85,9.95,23.51,378.0,126.0,411.0,40.82,13.61,44.38,105.0,560.0,90.0,76.0,72.0,11.63,62.02,9.97,8.42,7.97,426.0,255.0,189.0,46.76,27.99,20.75,292,309,429,62,25.57,27.06,37.57,5.43,501,643,42.57,54.63,874,293,203,53.72,18.01,12.48,649,971,40.06,59.94,1124,517,68.49,31.51,1004,618,61.9,38.1
1895,MINNEAPOLIS W-11 P-08,229.0,100.0,61.0,170.0,33.63,14.68,8.96,24.96,171.0,263.0,111.0,102.0,201.0,18.77,28.87,12.18,11.2,22.06,354.0,117.0,306.0,45.1,14.9,38.98,87.0,459.0,101.0,51.0,50.0,11.63,61.36,13.5,6.82,6.68,363.0,192.0,190.0,46.72,24.71,24.45,318,267,315,40,32.68,27.44,32.37,4.11,357,613,35.45,60.87,610,300,212,42.39,20.85,14.73,654,782,45.54,54.46,923,526,63.7,36.3,779,658,54.21,45.79
1900,MINNEAPOLIS W-11 P-09,91.0,36.0,30.0,75.0,28.53,11.29,9.4,23.51,65.0,108.0,63.0,54.0,69.0,16.62,27.62,16.11,13.81,17.65,178.0,64.0,164.0,43.2,15.53,39.81,39.0,253.0,51.0,29.0,30.0,9.7,62.94,12.69,7.21,7.46,194.0,80.0,102.0,48.38,19.95,25.44,201,106,125,22,42.58,22.46,26.48,4.66,166,312,33.07,62.15,251,133,97,38.91,20.62,15.04,325,317,50.62,49.38,395,256,60.68,39.32,329,315,51.09,48.91
1902,MINNEAPOLIS W-11 P-10,212.0,107.0,72.0,139.0,33.65,16.98,11.43,22.06,139.0,217.0,68.0,109.0,183.0,17.98,28.07,8.8,14.1,23.67,244.0,80.0,325.0,37.37,12.25,49.77,70.0,349.0,95.0,77.0,49.0,10.94,54.53,14.84,12.03,7.66,290.0,200.0,113.0,44.96,31.01,17.52,218,216,304,52,26.39,26.15,36.8,6.3,367,449,43.64,53.39,588,179,126,52.83,16.08,11.32,439,662,39.87,60.13,769,351,68.66,31.34,708,403,63.73,36.27
1905,MINNEAPOLIS W-12 P-01,445.0,82.0,77.0,279.0,42.42,7.82,7.34,26.6,267.0,273.0,221.0,267.0,200.0,21.01,21.48,17.39,21.01,15.74,634.0,131.0,455.0,51.5,10.64,36.96,118.0,736.0,175.0,117.0,59.0,9.79,61.08,14.52,9.71,4.9,603.0,234.0,354.0,49.1,19.06,28.83,532,495,338,40,36.84,34.28,23.41,2.77,447,988,30.43,67.26,694,420,427,38.79,23.48,23.87,907,869,51.07,48.93,927,870,51.59,48.41,826,956,46.35,53.65
1910,MINNEAPOLIS W-12 P-02,404.0,75.0,66.0,231.0,42.89,7.96,7.01,24.52,208.0,259.0,174.0,220.0,229.0,18.13,22.58,15.17,19.18,19.97,509.0,130.0,426.0,47.22,12.06,39.52,108.0,633.0,156.0,95.0,69.0,10.18,59.66,14.7,8.95,6.5,524.0,231.0,296.0,48.12,21.21,27.18,426,413,388,35,32.57,31.57,29.66,2.68,444,854,33.38,64.21,680,433,295,41.29,26.29,17.91,776,856,47.55,52.45,912,739,55.24,44.76,756,887,46.01,53.99
1915,MINNEAPOLIS W-12 P-03,396.0,102.0,105.0,306.0,36.43,9.38,9.66,28.15,274.0,314.0,208.0,199.0,268.0,20.77,23.81,15.77,15.09,20.32,608.0,151.0,539.0,46.55,11.56,41.27,134.0,785.0,160.0,135.0,56.0,10.55,61.81,12.6,10.63,4.41,587.0,352.0,308.0,45.19,27.1,23.71,547,467,449,70,34.14,29.15,28.03,4.37,528,976,33.89,62.64,857,453,341,43.72,23.11,17.4,884,1058,45.52,54.48,1140,827,57.96,42.04,922,1023,47.4,52.6
1920,MINNEAPOLIS W-12 P-04,202.0,46.0,45.0,127.0,38.4,8.75,8.56,24.14,128.0,138.0,124.0,119.0,113.0,19.57,21.1,18.96,18.2,17.28,289.0,65.0,220.0,49.91,11.23,38.0,59.0,342.0,81.0,45.0,36.0,10.48,60.75,14.39,7.99,6.39,261.0,132.0,160.0,45.39,22.96,27.83,261,254,227,41,32.06,31.2,27.89,5.04,256,496,32.95,63.84,398,255,145,40.95,26.23,14.92,469,503,48.25,51.75,540,441,55.05,44.95,480,498,49.08,50.92
1925,MINNEAPOLIS W-12 P-05,491.0,144.0,97.0,331.0,39.0,11.44,7.7,26.29,198.0,241.0,134.0,149.0,179.0,21.2,25.8,14.35,15.95,19.16,369.0,102.0,351.0,44.46,12.29,42.29,69.0,490.0,120.0,76.0,51.0,8.56,60.79,14.89,9.43,6.33,377.0,191.0,230.0,45.53,23.07,27.78,264,351,290,44,26.51,35.24,29.12,4.42,349,627,34.76,62.45,565,334,221,43.83,25.91,17.15,574,690,45.41,54.59,731,562,56.54,43.46,638,638,50.0,50.0
1930,MINNEAPOLIS W-12 P-06,416.0,135.0,103.0,294.0,35.92,11.66,8.89,25.39,144.0,197.0,106.0,105.0,125.0,20.17,27.59,14.85,14.71,17.51,307.0,115.0,275.0,43.92,16.45,39.34,86.0,408.0,79.0,56.0,53.0,12.61,59.82,11.58,8.21,7.77,292.0,190.0,193.0,42.2,27.46,27.89,224,220,267,44,28.32,27.81,33.75,5.56,349,464,40.96,54.46,538,219,184,47.03,19.14,16.08,533,594,47.29,52.71,684,462,59.69,40.31,614,519,54.19,45.81
1935,MINNEAPOLIS W-12 P-07,2.0,2.0,3.0,10.0,3.85,3.85,5.77,19.23,14.0,4.0,1.0,3.0,3.0,35.9,10.26,2.56,7.69,7.69,3.0,11.0,11.0,10.34,37.93,37.93,3.0,19.0,1.0,3.0,2.0,10.71,67.86,3.57,10.71,7.14,4.0,12.0,6.0,14.81,44.44,22.22,5,3,15,10,10.87,6.52,32.61,21.74,15,14,36.59,34.15,25,0,0,60.98,0.0,0.0,14,24,36.84,63.16,23,14,62.16,37.84,20,16,55.56,44.44
1940,MINNEAPOLIS W-12 P-08,661.0,133.0,130.0,280.0,45.4,9.13,8.93,19.23,91.0,118.0,125.0,147.0,81.0,15.74,20.42,21.63,25.43,14.01,300.0,47.0,189.0,54.95,8.61,34.62,59.0,317.0,86.0,41.0,33.0,11.01,59.14,16.04,7.65,6.16,322.0,61.0,144.0,59.08,11.19,26.42,316,210,137,13,45.86,30.48,19.88,1.89,144,494,21.95,75.3,256,240,239,30.33,28.44,28.32,479,355,57.43,42.57,375,470,44.38,55.62,337,508,39.88,60.12
1945,MINNEAPOLIS W-12 P-09,232.0,88.0,52.0,127.0,37.66,14.29,8.44,20.62,155.0,191.0,141.0,142.0,125.0,19.42,23.93,17.67,17.79,15.66,363.0,85.0,288.0,48.53,11.36,38.5,91.0,469.0,112.0,39.0,26.0,12.35,63.64,15.2,5.29,3.53,401.0,124.0,175.0,54.34,16.8,23.71,372,303,197,24,40.0,32.58,21.18,2.58,255,607,28.62,68.13,419,282,242,35.97,24.21,20.77,645,514,55.65,44.35,580,586,49.74,50.26,535,626,46.08,53.92
1950,MINNEAPOLIS W-12 P-10,169.0,68.0,44.0,142.0,31.18,12.55,8.12,26.2,123.0,207.0,116.0,101.0,127.0,16.92,28.47,15.96,13.89,17.47,301.0,111.0,225.0,46.74,17.24,34.94,89.0,391.0,66.0,41.0,47.0,14.04,61.67,10.41,6.47,7.41,314.0,150.0,146.0,49.14,23.47,22.85,357,201,248,33,41.27,23.24,28.67,3.82,288,520,34.04,61.47,506,221,201,40.94,17.88,16.26,624,601,50.94,49.06,766,477,61.63,38.37,638,596,51.7,48.3
1955,MINNEAPOLIS W-12 P-11,,,,,,,,,123.0,169.0,100.0,108.0,104.0,19.25,26.45,15.65,16.9,16.28,278.0,87.0,267.0,43.71,13.68,41.98,85.0,366.0,90.0,37.0,34.0,13.89,59.8,14.71,6.05,5.56,312.0,123.0,165.0,49.76,19.62,26.32,282,226,220,36,35.43,28.39,27.64,4.52,243,547,30.0,67.53,445,212,179,42.58,20.29,17.13,513,527,49.33,50.67,604,445,57.58,42.42,508,534,48.75,51.25
1956,MINNEAPOLIS W-12 P-12,,,,,,,,,238.0,274.0,210.0,259.0,193.0,19.09,21.97,16.84,20.77,15.48,604.0,146.0,422.0,51.27,12.39,35.82,113.0,732.0,158.0,77.0,83.0,9.72,62.94,13.59,6.62,7.14,607.0,224.0,281.0,51.7,19.08,23.94,586,487,296,67,38.68,32.15,19.54,4.42,447,1003,29.74,66.73,694,437,511,36.09,22.72,26.57,1030,875,54.07,45.93,952,986,49.12,50.88,819,1097,42.75,57.25
1957,MINNEAPOLIS W-12 P-13,,,,,,,,,97.0,156.0,60.0,91.0,128.0,17.23,27.71,10.66,16.16,22.74,202.0,72.0,204.0,42.08,15.0,42.5,68.0,289.0,55.0,29.0,25.0,14.59,62.02,11.8,6.22,5.36,218.0,131.0,115.0,45.89,27.58,24.21,174,191,206,32,27.75,30.46,32.85,5.1,249,397,37.28,59.43,378,178,123,43.8,20.63,14.25,343,515,39.98,60.02,557,313,64.02,35.98,478,383,55.52,44.48
1960,MINNEAPOLIS W-13 P-01,206.0,100.0,50.0,134.0,35.03,17.01,8.5,22.79,121.0,211.0,72.0,70.0,184.0,17.51,30.54,10.42,10.13,26.63,284.0,63.0,362.0,39.61,8.79,50.49,72.0,367.0,111.0,93.0,53.0,10.34,52.73,15.95,13.36,7.61,344.0,265.0,77.0,48.25,37.17,10.8,328,205,371,68,31.81,19.88,35.98,6.6,516,461,52.02,46.47,626,147,189,53.83,12.64,16.25,397,761,34.28,65.72,792,382,67.46,32.54,685,481,58.75,41.25
1965,MINNEAPOLIS W-13 P-02,543.0,141.0,99.0,289.0,43.1,11.19,7.86,22.94,163.0,188.0,46.0,56.0,162.0,25.59,29.51,7.22,8.79,25.43,212.0,47.0,277.0,39.26,8.7,51.3,56.0,297.0,73.0,61.0,39.0,10.65,56.46,13.88,11.6,7.41,239.0,203.0,63.0,44.76,38.02,11.8,147,196,301,50,20.0,26.67,40.95,6.8,408,322,54.99,43.4,532,197,76,56.48,20.91,8.07,244,698,25.9,74.1,688,260,72.57,27.43,651,291,69.11,30.89
1970,MINNEAPOLIS W-13 P-03,542.0,145.0,105.0,255.0,45.36,12.13,8.79,21.34,173.0,295.0,85.0,79.0,209.0,20.09,34.26,9.87,9.18,24.27,288.0,91.0,393.0,36.92,11.67,50.38,84.0,406.0,90.0,113.0,63.0,11.11,53.7,11.9,14.95,8.33,321.0,360.0,64.0,41.47,46.51,8.27,210,219,400,80,21.76,22.69,41.45,8.29,545,445,54.07,44.15,754,188,95,61.7,15.38,7.77,300,921,24.57,75.43,906,322,73.78,26.22,843,372,69.38,30.62
1975,MINNEAPOLIS W-13 P-04,498.0,239.0,137.0,289.0,37.42,17.96,10.29,21.71,179.0,263.0,95.0,73.0,173.0,22.35,32.83,11.86,9.11,21.6,321.0,87.0,335.0,43.03,11.66,44.91,82.0,385.0,116.0,92.0,46.0,11.37,53.4,16.09,12.76,6.38,360.0,293.0,61.0,48.98,39.86,8.3,254,265,328,56,26.6,27.75,34.35,5.86,417,547,42.38,55.59,632,251,115,52.62,20.9,9.58,375,810,31.65,68.35,822,385,68.1,31.9,717,477,60.05,39.95
1980,MINNEAPOLIS W-13 P-05,596.0,166.0,147.0,310.0,42.03,11.71,10.37,21.86,167.0,289.0,67.0,82.0,220.0,19.67,34.04,7.89,9.66,25.91,246.0,80.0,409.0,33.15,10.78,55.12,75.0,432.0,80.0,87.0,52.0,10.33,59.5,11.02,11.98,7.16,328.0,319.0,63.0,44.87,43.64,8.62,168,221,399,67,18.56,24.42,44.09,7.4,531,426,54.52,43.74,717,210,86,57.31,16.79,6.87,335,911,26.89,73.11,946,309,75.38,24.62,852,389,68.65,31.35
1985,MINNEAPOLIS W-13 P-06,705.0,209.0,150.0,461.0,41.96,12.44,8.93,27.44,183.0,394.0,94.0,92.0,377.0,15.65,33.7,8.04,7.87,32.25,344.0,73.0,579.0,34.26,7.27,57.67,58.0,570.0,87.0,167.0,88.0,5.98,58.76,8.97,17.22,9.07,400.0,431.0,131.0,40.28,43.4,13.19,217,291,520,91,18.24,24.45,43.7,7.65,764,517,58.81,39.8,925,255,131,58.8,16.21,8.33,329,1236,21.02,78.98,1201,373,76.3,23.7,1132,432,72.38,27.62
1990,MINNEAPOLIS W-13 P-07,573.0,189.0,105.0,339.0,41.58,13.72,7.62,24.6,248.0,516.0,138.0,120.0,387.0,16.91,35.17,9.41,8.18,26.38,447.0,141.0,639.0,36.14,11.4,51.66,131.0,704.0,126.0,151.0,97.0,10.84,58.23,10.42,12.49,8.02,536.0,507.0,137.0,43.9,41.52,11.22,335,389,673,94,21.26,24.68,42.7,5.96,841,794,50.48,47.66,1168,410,160,56.13,19.7,7.69,586,1479,28.38,71.62,1534,561,73.22,26.78,1361,709,65.75,34.25
1995,MINNEAPOLIS W-13 P-08,364.0,123.0,81.0,205.0,41.08,13.88,9.14,23.14,163.0,347.0,110.0,83.0,276.0,16.11,34.29,10.87,8.2,27.27,328.0,114.0,381.0,39.57,13.75,45.96,87.0,464.0,106.0,75.0,70.0,10.85,57.86,13.22,9.35,8.73,365.0,310.0,101.0,44.46,37.76,12.3,188,296,427,62,18.56,29.22,42.15,6.12,559,546,49.47,48.32,791,251,150,55.51,17.61,10.53,492,937,34.43,65.57,1023,416,71.09,28.91,876,552,61.34,38.66
2000,MINNEAPOLIS W-13 P-09,358.0,150.0,69.0,272.0,36.38,15.24,7.01,27.64,163.0,380.0,127.0,116.0,355.0,13.65,31.83,10.64,9.72,29.73,393.0,128.0,455.0,39.94,13.01,46.24,114.0,592.0,103.0,71.0,71.0,11.99,62.25,10.83,7.47,7.47,485.0,343.0,98.0,50.0,35.36,10.1,371,341,442,75,28.67,26.35,34.16,5.8,592,769,42.44,55.13,854,390,204,47.87,21.86,11.44,647,1133,36.35,63.65,1220,577,67.89,32.11,1062,715,59.76,40.24
2005,MINNEAPOLIS W-13 P-10,,,,,,,,,112.0,183.0,64.0,69.0,153.0,18.92,30.91,10.81,11.66,25.84,215.0,51.0,290.0,38.19,9.06,51.51,62.0,289.0,86.0,80.0,32.0,11.29,52.64,15.66,14.57,5.83,287.0,195.0,61.0,51.34,34.88,10.91,146,185,288,53,20.95,26.54,41.32,7.6,402,322,54.92,43.99,453,161,87,55.86,19.85,10.73,216,593,26.7,73.3,557,257,68.43,31.57,541,267,66.96,33.04
2010,MINNEAPOLIS W-13 P-11,,,,,,,,,140.0,343.0,73.0,64.0,240.0,15.78,38.67,8.23,7.22,27.06,313.0,93.0,346.0,41.24,12.25,45.59,102.0,405.0,90.0,75.0,70.0,13.75,54.58,12.13,10.11,9.43,328.0,322.0,70.0,43.56,42.76,9.3,183,218,427,53,19.83,23.62,46.26,5.74,571,418,55.71,40.78,766,201,101,58.7,15.4,7.74,338,956,26.12,73.88,988,320,75.54,24.46,923,379,70.89,29.11
2015,MINNEAPOLIS W-13 P-12,,,,,,,,,108.0,204.0,85.0,46.0,128.0,18.4,34.75,14.48,7.84,21.81,195.0,54.0,242.0,39.55,10.95,49.09,49.0,271.0,79.0,49.0,37.0,10.1,55.88,16.29,10.1,7.63,240.0,191.0,40.0,49.28,39.22,8.21,128,177,294,46,19.08,26.38,43.82,6.86,368,335,51.83,47.18,478,159,78,57.94,19.27,9.45,208,612,25.37,74.63,620,215,74.25,25.75,552,277,66.59,33.41
2020,MINNEAPOLIS W-13 P-13,,,,,,,,,195.0,320.0,68.0,81.0,261.0,20.48,33.61,7.14,8.51,27.42,258.0,82.0,439.0,32.87,10.45,55.92,84.0,417.0,82.0,119.0,65.0,10.95,54.37,10.69,15.52,8.47,301.0,371.0,91.0,38.79,47.81,11.73,164,252,439,58,16.63,25.56,44.52,5.88,677,417,60.94,37.53,820,214,74,63.47,16.56,5.73,248,1035,19.33,80.67,1002,294,77.31,22.69,933,356,72.38,27.62
